Date,Série,Acheteur,Prix Vente,Commission,Profit,Total Net,Profit,
01-janv.,1,copain.57leucate," 1,00 € "," 0,38 € "," 0,62 € ","0,62 €",,JANVIER,39,"81,98",,
02-janv.,1,philibon68," 1,00 € "," 0,38 € "," 0,62 € ","1,24 €",,FEVRIER,56,"118,53",,
02-janv.,1,59bd52," 1,47 € "," 0,39 € "," 1,08 € ","2,32 €",,MARS,42,"95,34",,
02-janv.,6,Paco.0559," 7,86 € ",- € ," 7,86 € ","10,18 €",,AVRIL,16,"34,69",,
03-janv.,1,09gmat," 2,57 € "," 0,42 € "," 2,15 € ","12,33 €",,MAI,28,"87,6",,
04-janv.,1,1425laurence," 1,97 € "," 0,41 € "," 1,56 € ","13,89 €",,JUIN,49,"112,37",,
05-janv.,1,chrine42," 1,30 € "," 0,39 € "," 0,91 € ","14,80 €",,JUILLET,55,"183,43",,
07-janv.,1,titi802009," 1,36 € "," 0,39 € "," 0,97 € ","15,77 €",,AOUT,40,"116,44",,
07-janv.,8,jola5092," 3,92 € "," 0,46 € "," 3,46 € ","19,23 €",,SEPTEMBRE,49,"127,56",,
07-janv.,3,2011alexandre7," 5,72 € "," 1,22 € "," 4,50 € ","23,73 €",,OCTOBRE,58,"203,88",,
09-janv.,1,4269bleu," 1,50 € "," 0,39 € "," 1,11 € ","24,84 €",,NOVEMBRE,40,"165,17",,
10-janv.,1,nbranger85," 2,97 € "," 0,44 € "," 2,53 € ","27,37 €",,DECEMBRE,40,"182,44","125,7858333333",
10-janv.,5,ejp86liane," 6,56 € "," 0,54 € "," 6,02 € ","33,39 €",,,,,,
11-janv.,1,fr.domi2012," 3,16 € "," 0,44 € "," 2,72 € ","36,11 €",,,,,,
11-janv.,2,pastouriaux," 4,27 € "," 0,47 € "," 3,80 € ","39,91 €",,,,,,
12-janv.,1,domdom0546," 2,97 € "," 0,44 € "," 2,53 € ","42,44 €",,,,,,
15-janv.,1,raillot," 1,20 € "," 0,38 € "," 0,82 € ","43,26 €",,,,,,
16-janv.,1,benopatr-l3xpgenw," 2,97 € "," 0,44 € "," 2,53 € ","45,79 €",,,,,,
13-janv.,2,jlman58," 2,00 € "," 0,76 € "," 1,24 € ","47,03 €",,,,,,
18-janv.,2,voris67," 2,90 € "," 0,43 € "," 2,47 € ","49,50 €",,,,,,
18-janv.,1,adrien0_2," 2,57 € "," 0,42 € "," 2,15 € ","51,65 €",,,,,,
18-janv.,1,danjou_7833," 2,47 € "," 0,42 € "," 2,05 € ","53,70 €",,,,,,
18-janv.,3,melvyndesert," 4,57 € "," 0,48 € "," 4,09 € ","57,79 €",,,,,,
19-janv.,1,titounettitounette," 1,50 € "," 0,39 € "," 1,11 € ","58,90 €",,,,,,
20-janv.,8,jlman58," 7,87 € "," 0,58 € "," 7,29 € ","66,19 €",,,,,,
20-janv.,1,Guynauti₀," 1,37 € "," 0,39 € "," 0,98 € ","67,17 €",,,,,,
20-janv.,1,laure_mett," 1,87 € "," 0,40 € "," 1,47 € ","68,64 €",,,,,,
20-janv.,1,titefouine911," 2,07 € "," 0,41 € "," 1,66 € ","70,30 €",,,,,,
23-janv.,2,herhervanl," 3,52 € "," 0,45 € "," 3,07 € ","73,37 €",,,,,"0,11","1,94"
23-janv.,1,pattouzil," 2,47 € "," 0,42 € "," 2,05 € ","75,42 €",,,,,"0,09","0,89"
23-janv.,1,fr.domi2012," 1,27 € "," 0,39 € "," 0,88 € ","76,30 €",,,,"0,97",,
25-janv.,1,jeanoel49," 2,97 € "," 0,44 € "," 2,53 € ","78,83 €",,,,"0,59",,
26-janv.,1,lenoyellois," 2,17 € "," 0,41 € "," 1,76 € ","80,59 €",,,,"0,41",,
26-janv.,2,brgi5224," 3,37 € "," 0,45 € "," 2,92 € ","83,51 €",,,,,,
28-janv.,1,6041sergeb," 2,47 € "," 0,40 € "," 2,07 € ","85,58 €",,,,,,
28-janv.,1,chrislarmor," 1,89 € "," 0,42 € "," 1,47 € ","87,05 €",,,,,,
29-janv.,2,Guynauti₀," 2,08 € "," 0,41 € "," 1,67 € ","88,72 €",,,,,,
30-janv.,1,cob92," 1,37 € "," 0,39 € "," 0,98 € ","89,70 €",,,,,,
30-janv.,1,piedu21," 2,97 € "," 0,44 € "," 2,53 € ","81,98 €",,,,,,
01-févr.,1,Adrien0₂," 1,27 € "," 0,39 € "," 0,88 € ","82,86 €",,,,,,
01-févr.,3,jeanlouis1946," 6,96 € "," 0,55 € "," 6,41 € ","89,27 €",,,,,,
01-févr.,10,leaut48," 2,67 € "," 0,43 € "," 2,24 € ","91,51 €",,,,,,
01-févr.,13,pascalebichette," 3,57 € "," 0,45 € "," 3,12 € ","94,63 €",,,,,,
01-févr.,5,schaa-fr2015," 6,29 € "," 0,53 € "," 5,76 € ","100,39 €",,,,,,
01-févr.,6,herhervanl," 6,82 € "," 0,55 € "," 6,27 € ","106,66 €",,,,,,
01-févr.,1,bernard1237," 2,69 € ",- € ," 2,69 € ","109,35 €",,,,,,
02-févr.,1,koko6259," 2,77 € "," 0,43 € "," 2,34 € ","111,69 €",,,,,,
02-févr.,1,alflad," 2,07 € "," 0,41 € "," 1,66 € ","113,35 €",,,,,,
02-févr.,1,fr.domi2012," 1,97 € "," 0,41 € "," 1,56 € ","114,91 €",,,,,,
02-févr.,1,mistrigri61," 1,87 € "," 0,40 € "," 1,47 € ","116,38 €",,,,,,
02-févr.,14,Miccol_36," 3,37 € "," 0,45 € "," 2,92 € ","119,30 €",,,,,,
03-févr.,10,pcsap," 5,86 € ",- € ," 5,86 € ","125,16 €",,,,,,
03-févr.,1,filatel," 2,07 € "," 0,41 € "," 1,66 € ","126,82 €",,,,,,
04-févr.,2,Marie-hmi-0," 1,87 € "," 0,69 € "," 1,18 € ","128,00 €",,,,,,
04-févr.,1,Mounette-16071960," 1,40 € "," 0,39 € "," 1,01 € ","129,01 €",,,,,,
04-févr.,1,salto2016," 1,40 € "," 0,39 € "," 1,01 € ","130,02 €",,,,,,
04-févr.,1,adjyva," 1,67 € "," 0,40 € "," 1,27 € ","131,29 €",,,,,,
04-févr.,2,jacques351," 1,77 € ",- € ," 1,77 € ","133,06 €",,,,,,
07-févr.,1,Marie-hmi-0," 1,37 € "," 0,39 € "," 0,98 € ","134,04 €",,,,,,
08-févr.,1,marall_287," 1,50 € "," 0,39 € "," 1,11 € ","135,15 €",,,,,,
09-févr.,2,claude.berthet30," 2,97 € "," 0,44 € "," 2,53 € ","137,68 €",,,,,,
09-févr.,1,Domi-9042," 1,97 € "," 0,41 € "," 1,56 € ","139,24 €",,,,,,
12-févr.,1,jola5092," 2,47 € "," 0,42 € "," 2,05 € ","141,29 €",,,,,,
12-févr.,4,herhervanl," 4,51 € "," 0,83 € "," 3,68 € ","144,97 €",,,,,,
13-févr.,1,grfla25," 1,40 € "," 0,39 € "," 1,01 € ","145,98 €",,,,,,
13-févr.,2,carencypa," 2,97 € ",- € ," 2,97 € ","148,95 €",,,,,,
15-févr.,1,Jean-richardonon0," 1,40 € "," 0,39 € "," 1,01 € ","149,96 €",,,,,,
14-févr.,1,dalhia13," 1,40 € "," 0,39 € "," 1,01 € ","150,97 €",,,,,,
15-févr.,10,pascalebichette," 1,97 € "," 0,41 € "," 1,56 € ","152,53 €",,,,,,
15-févr.,1,philat03," 1,87 € "," 0,40 € "," 1,47 € ","154,00 €",,,,,,
15-févr.,1,copain.57leucate," 1,57 € "," 0,40 € "," 1,17 € ","155,17 €",,,,,,
15-févr.,1,gilberzaja_0," 1,40 € "," 0,39 € "," 1,01 € ","156,18 €",,,,,,
16-févr.,1,chalberty," 1,40 € "," 0,39 € "," 1,01 € ","157,19 €",,,,,,
17-févr.,1,5953joseph," 1,17 € "," 0,38 € "," 0,79 € ","157,98 €",,,,,,
17-févr.,1,jeroboam62," 1,85 € "," 0,40 € "," 1,45 € ","159,43 €",,,,,,
17-févr.,6,noelvaure," 4,47 € "," 0,48 € "," 3,99 € ","163,42 €",,,,,,
18-févr.,1,bernard1237," 3,66 € ",- € ," 3,66 € ","167,08 €",,,"0,43",,,
19-févr.,,copain.57leucate," 2,50 € ",," 2,50 € ","169,58 €",,,,,,
21-févr.,2,fontcombe," 2,50 € "," 0,42 € "," 2,08 € ","171,66 €",,,"1,67",,,
22-févr.,1,alainfelix0854," 1,40 € "," 0,39 € "," 1,01 € ","172,67 €",,,"0,24",,,
23-févr.,1,h2.leinadh," 1,10 € "," 0,38 € "," 0,72 € ","173,39 €",,,,,,
23-févr.,1,jlman58," 1,27 € "," 0,39 € "," 0,88 € ","174,27 €",,,,,,
23-févr.,1,4365michel," 2,17 € "," 0,41 € "," 1,76 € ","176,03 €",,,,,,
24-févr.,1,h2.leinadh," 1,50 € "," 0,39 € "," 1,11 € ","177,14 €",,,,,,
24-févr.,1,chrislarmor," 1,87 € "," 0,40 € "," 1,47 € ","178,61 €",,,,,,
24-févr.,1,raillot," 1,87 € "," 0,40 € "," 1,47 € ","180,08 €",,,,,,
24-févr.,12,pascalebichette," 2,67 € "," 0,43 € "," 2,24 € ","182,32 €",,,,,,
25-févr.,2,cachemisere54," 2,60 € "," 0,77 € "," 1,83 € ","184,15 €",,"0,62",,,,
25-févr.,2,Chantalormea₀," 2,60 € "," 0,77 € "," 1,83 € ","185,98 €",,,,,,
27-févr.,1,syljul_28," 7,47 € "," 0,57 € "," 6,90 € ","192,88 €",,,,,,
27-févr.,6,philatelaude," 2,97 € "," 0,44 € "," 2,53 € ","195,41 €",,,,,,
28-févr.,2,monober67," 3,67 € "," 0,80 € "," 2,87 € ","198,28 €",,,,,,
28-févr.,1,egyptesissi73," 1,50 € "," 0,39 € "," 1,11 € ","199,39 €",,,,"11,21",,
28-févr.,7,sulpicius1397," 6,32 € ",- € ," 6,32 € ","205,71 €",,,,,,
29-févr.,1,adjyva," 5,47 € "," 0,51 € "," 4,96 € ","200,51 €",,,,,,
01-mars,1,K.alain.7," 1,67 € "," 0,40 € "," 1,27 € ","201,78 €",,,,,,
01-mars,1,3782philippe," 2,81 € "," 0,43 € "," 2,38 € ","204,16 €",,,,,,
01-mars,1,couta2014," 1,87 € "," 0,40 € "," 1,47 € ","205,63 €",,,,,,
02-mars,1,bernard1237," 3,76 € ",- € ," 3,76 € ","209,39 €",,,,,,
02-mars,1,Ledou-thier," 5,97 € "," 0,52 € "," 5,45 € ","214,84 €",,,,,,
03-mars,1,jeanlouis1946," 2,50 € "," 0,42 € "," 2,08 € ","216,92 €",,,,,,
03-mars,2,jlman58," 4,23 € "," 0,47 € "," 3,76 € ","220,68 €",,,,,,
03-mars,1,Grece_2009," 4,47 € "," 0,48 € "," 3,99 € ","224,67 €",,,,,,
03-mars,4,pascalebichette," 1,77 € "," 0,40 € "," 1,37 € ","226,04 €",,,,,,
06-mars,4,elocachou," 3,27 € "," 0,44 € "," 2,83 € ","228,87 €",,,,,,
07-mars,1,Grece_2009," 3,97 € "," 0,47 € "," 3,50 € ","232,37 €",,,,,,
08-mars,1,micmi_6672," 1,40 € "," 0,39 € "," 1,01 € ","233,38 €",,,,,,
08-mars,1,3782philippe," 2,68 € "," 0,43 € "," 2,25 € ","235,63 €",,,,,,
09-mars,1,h2.leinadh," 1,50 € "," 0,39 € "," 1,11 € ","236,74 €",,,,,,
11-mars,1,joelle9443," 1,40 € "," 0,39 € "," 1,01 € ","237,75 €",,,,,,
11-mars,1,avivarelli," 1,50 € "," 0,39 € "," 1,11 € ","238,86 €",,,,,,
11-mars,1,piedu21," 3,47 € "," 0,45 € "," 3,02 € ","241,88 €",,,,,,
11-mars,1,5953joseph," 1,07 € "," 0,38 € "," 0,69 € ","242,57 €",,,,,,
11-mars,1,alain7669," 1,77 € "," 0,40 € "," 1,37 € ","243,94 €",,,,,,
11-mars,1,nicolepauld," 1,77 € "," 0,40 € "," 1,37 € ","245,31 €",,,,,,
12-mars,1,molaylittry," 1,60 € "," 0,40 € "," 1,20 € ","246,51 €",,,,,,
12-mars,1,piedu21," 3,47 € "," 0,45 € "," 3,02 € ","249,53 €",,,,,,
13-mars,1,copain.57leucate," 1,60 € "," 0,40 € "," 1,20 € ","250,73 €",,,,,,
13-mars,1,Grece_2009," 1,27 € "," 0,39 € "," 0,88 € ","251,61 €",,,,,,
14-mars,1,fr.domi2012," 2,37 € "," 0,42 € "," 1,95 € ","253,56 €",,,,,,
14-mars,2,houxiaofu," 2,20 € "," 0,41 € "," 1,79 € ","255,35 €",,,,,,
17-mars,1,francois82100," 1,45 € "," 0,39 € "," 1,06 € ","256,41 €",,,,,,
17-mars,1,tpatrickhenri," 1,10 € "," 0,38 € "," 0,72 € ","257,13 €",,,,,,
17-mars,2,chantalormea_0," 3,00 € "," 0,78 € "," 2,22 € ","259,35 €",,,,,,
18-mars,3,pascalebichette," 3,47 € "," 0,45 € "," 3,02 € ","262,37 €",,,,,,
19-mars,5,amvap," 6,90 € "," 0,90 € "," 6,00 € ","268,37 €",,,,,,
19-mars,2,poulette1383," 6,97 € "," 0,55 € "," 6,42 € ","274,79 €",,,,,,
19-mars,3,jeanlouis1946," 7,62 € "," 0,57 € "," 7,05 € ","281,84 €",,,,,,
21-mars,2,titi802009," 1,67 € "," 0,40 € "," 1,27 € ","283,11 €",,,,,,
22-mars,1,fr.domi2012," 2,97 € "," 0,44 € "," 2,53 € ","285,64 €",,,,,,
22-mars,2,Ludmo-85," 2,80 € "," 0,43 € "," 2,37 € ","288,01 €",,,,,,
22-mars,5,raillot," 3,07 € "," 1,30 € "," 1,77 € ","289,78 €",,,,,,
22-mars,3,poutite," 6,79 € "," 0,55 € "," 6,24 € ","296,02 €",,,,,,
23-mars,1,chtidedemax," 3,47 € "," 0,45 € "," 3,02 € ","299,04 €",,,,,,
24-mars,1,fr.domi2012," 1,37 € "," 0,39 € "," 0,98 € ","300,02 €",,,,,,
31-mars,1,jersey99pascale," 2,05 € "," 0,41 € "," 1,64 € ","301,66 €",,,,,,
31-mars,2,jmc056," 4,37 € "," 0,83 € "," 3,54 € ","295,85 €",,,,,,
01-avr.,1,rousseletyvan," 1,17 € "," 0,38 € "," 0,79 € ","296,64 €",,,,,,
20-avr.,1,Jerdur_26," 1,30 € "," 0,39 € "," 0,91 € ","297,55 €",,,,,,
22-avr.,2,uschy671008," 2,80 € "," 0,43 € "," 2,37 € ","299,92 €",,,,,,
23-avr.,2,bernafr.yce7ou," 3,87 € "," 0,46 € "," 3,41 € ","303,33 €",,,,,,
23-avr.,1,micmi_6672," 1,40 € "," 0,39 € "," 1,01 € ","304,34 €",,,,,,
24-avr.,1,Mounette-16071960," 1,30 € "," 0,39 € "," 0,91 € ","305,25 €",,,,,,
25-avr.,3,melsilla," 2,17 € ",- € ," 2,17 € ","307,42 €",,,,,,
25-avr.,,amvap," 10,00 € ",- € ," 10,00 € ","317,42 €",,,,,,
25-avr.,1,camillcrmad0," 2,73 € "," 0,43 € "," 2,30 € ","319,72 €",,,,,,
26-avr.,1,robr0042.ixmy14b," 3,47 € "," 0,45 € "," 3,02 € ","322,74 €",,,,,,
28-avr.,2,tchousolex," 2,40 € "," 0,42 € "," 1,98 € ","324,72 €",,,,,,
29-avr.,1,nbranger85," 3,07 € "," 0,44 € "," 2,63 € ","327,35 €",,,,,,
29-avr.,1,bb47600," 1,10 € "," 0,38 € "," 0,72 € ","328,07 €",,,,,,
30-avr.,1,bowie800," 1,87 € "," 0,40 € "," 1,47 € ","329,54 €",,,,,,
30-avr.,1,syljul_28," 1,30 € "," 0,39 € "," 0,91 € ","330,45 €",,,,,,
30-avr.,3,bb47600," 4,00 € "," 0,47 € "," 3,53 € ","330,54 €",,,,,,
01-mai,1,jeanpault9049," 2,70 € "," 0,78 € "," 1,92 € ","332,46 €",,,,,,
03-mai,1,francigasnie0," 2,47 € "," 0,42 € "," 2,05 € ","334,51 €",,,,,,
05-mai,1,petanque936," 2,47 € ",- € ," 2,47 € ","336,98 €",,,,,,
05-mai,1,jersey99pascale," 2,47 € "," 0,42 € "," 2,05 € ","339,03 €",,,,,,
05-mai,1,281870," 3,06 € "," 0,44 € "," 2,62 € ","341,65 €",,,,,,
07-mai,1,titi802009," 1,56 € "," 0,40 € "," 1,16 € ","342,81 €",,,,,,
08-mai,1,nivacole78," 1,10 € "," 0,38 € "," 0,72 € ","343,53 €",,,,,,
08-mai,1,Xtophe-2013," 2,66 € "," 0,43 € "," 2,23 € ","345,76 €",,,,,,
08-mai,1,olivieheli0," 1,10 € "," 0,38 € "," 0,72 € ","346,48 €",,,,,,
10-mai,6,pascalebichette," 3,45 € "," 0,45 € "," 3,00 € ","349,48 €",,,,,,
10-mai,1,bianci62," 2,66 € "," 0,43 € "," 2,23 € ","351,71 €",,,,,,
10-mai,6,proue44," 2,97 € "," 0,44 € "," 2,53 € ","354,24 €",,,,,,
12-mai,1,Jerombouvie-0," 1,10 € "," 0,38 € "," 0,72 € ","354,96 €",,,,,,
13-mai,1,jola5092," 2,26 € "," 0,42 € "," 1,84 € ","356,80 €",,,,,,
13-mai,3,pcsap," 4,32 € ",- € ," 4,32 € ","361,12 €",,,,,,
14-mai,1,bb47600," 1,30 € "," 0,39 € "," 0,91 € ","362,03 €",,,,,,
15-mai,1,Jeanbernaroillarbur₀," 1,10 € "," 0,38 € "," 0,72 € ","362,75 €",,,,,,
15-mai,3,brigitte1547," 3,80 € "," 0,46 € "," 3,34 € ","366,09 €",,,,,,
16-mai,1,Ggmem-p4x849," 2,55 € "," 0,42 € "," 2,13 € ","368,22 €",,,,,,
17-mai,1,Domi-9042," 1,10 € "," 0,38 € "," 0,72 € ","368,94 €",,,,,,
18-mai,1,jeanlouis1946," 6,66 € "," 0,54 € "," 6,12 € ","375,06 €",,,,,,
20-mai,1,jeanot95330," 1,40 € "," 0,39 € "," 1,01 € ","376,07 €",,,,,,
20-mai,1,phildes_17," 7,16 € "," 0,56 € "," 6,60 € ","382,67 €",,,,,,
23-mai,1,jmc056," 3,55 € "," 0,45 € "," 3,10 € ","385,77 €",,,,,,
25-mai,2,Guilaingrille₀," 19,61 € "," 0,92 € "," 18,69 € ","404,46 €",,,,,,
25-mai,2,281870," 2,97 € ",- € ," 2,97 € ","407,43 €",,,,,,
26-mai,x,jlman58," 18,86 € "," 0,90 € "," 17,96 € ","425,39 €",,,,,,
30-mai,1,virgcabdel," 1,40 € "," 0,39 € "," 1,01 € ","418,14 €",,,,,,
01-juin,2,mti671," 3,67 € "," 0,46 € "," 3,21 € ","421,35 €",,,,,,
02-juin,3,jacques351," 2,17 € ",- € ," 2,17 € ","423,52 €",,,,,,
03-juin,1,fleur26gg," 1,97 € "," 0,41 € "," 1,56 € ","425,08 €",,,,,,
04-juin,2,chantaldlx83," 4,37 € "," 0,48 € "," 3,89 € ","428,97 €",,,,,,
05-juin,1,jacquescollectiontimbres," 1,56 € "," 0,40 € "," 1,16 € ","430,13 €",,,,,,
05-juin,1,kolesam76," 2,67 € "," 0,43 € "," 2,24 € ","432,37 €",,,,,,
06-juin,2,kolesam76," 5,00 € "," 0,50 € "," 4,50 € ","436,87 €",,,,,,
07-juin,2,badaboum78," 2,00 € "," 0,41 € "," 1,59 € ","438,46 €",,,,,,
08-juin,4,koko6259," 4,80 € "," 0,49 € "," 4,31 € ","442,77 €",,,,,,
09-juin,3,melpoi19," 1,37 € "," 0,39 € "," 0,98 € ","443,75 €",,,,,,
09-juin,6,pascalebichette," 3,22 € "," 0,44 € "," 2,78 € ","446,53 €",,,,,,
09-juin,1,trompette1940," 1,20 € "," 0,38 € "," 0,82 € ","447,35 €",,,,,,
09-juin,1,rousseletyvan," 1,17 € "," 0,38 € "," 0,79 € ","448,14 €",,,,,,
10-juin,1,Robercosso₀," 1,20 € "," 0,38 € "," 0,82 € ","448,96 €",,,,,,
11-juin,1,saggradda," 8,46 € "," 0,60 € "," 7,86 € ","456,82 €",,,,,,
11-juin,1,terr6622_7kxqnjxc," 2,07 € "," 0,41 € "," 1,66 € ","458,48 €",,,,,,
11-juin,1,Marie-hmi-0," 4,16 € "," 0,47 € "," 3,69 € ","462,17 €",,,,,,
11-juin,1,jeroboam62," 3,53 € "," 0,48 € "," 3,05 € ","465,22 €",,,,,,
12-juin,1,piedu21," 3,62 € "," 0,45 € "," 3,17 € ","468,39 €",,,,,,
14-juin,4,claudelemaire17wanadoofr2013," 4,97 € "," 0,84 € "," 4,13 € ","472,52 €",,,,,,
15-juin,1,metrica67," 3,33 € "," 0,45 € "," 2,88 € ","475,40 €",,,,,,
15-juin,1,titefouine911," 2,07 € "," 0,41 € "," 1,66 € ","477,06 €",,,,,,
15-juin,1,phildes_17," 1,97 € "," 0,41 € "," 1,56 € ","478,62 €",,,,,,
16-juin,3,mufrap," 1,27 € "," 0,39 € "," 0,88 € ","479,50 €",,,,,,
16-juin,1,lenoyellois," 3,66 € "," 0,46 € "," 3,20 € ","482,70 €",,,,,,
17-juin,3,badaboum78," 2,50 € ",- € ," 2,50 € ","485,20 €",,,,,,
18-juin,3,wil262wilfrid," 2,17 € "," 0,41 € "," 1,76 € ","486,96 €",,,,,,
18-juin,1,Pascaforti₆," 8,97 € "," 0,61 € "," 8,36 € ","495,32 €",,,,,,
18-juin,8,leaut48," 3,87 € "," 0,46 € "," 3,41 € ","498,73 €",,,,,,
20-juin,1,stamps1955.h.f," 3,47 € "," 0,45 € "," 3,02 € ","501,75 €",,,,,,
20-juin,1,jersey99pascale," 2,16 € "," 0,41 € "," 1,75 € ","503,50 €",,,,,,
20-juin,1,Marie-hmi-0," 1,57 € "," 0,40 € "," 1,17 € ","504,67 €",,,,,,
21-juin,10,pascalebichette," 2,57 € "," 0,42 € "," 2,15 € ","506,82 €",,,,,,
21-juin,1,francsgasni0," 1,97 € "," 0,41 € "," 1,56 € ","508,38 €",,,,,,
21-juin,18,jeanclaude9439," 3,97 € ",," 3,97 € ","512,35 €",,,,,,
23-juin,1,jeanlouis1946," 1,37 € "," 0,39 € "," 0,98 € ","513,33 €",,,,,,
23-juin,1,claudelemaire17wanadoofr2013," 4,47 € "," 0,48 € "," 3,99 € ","517,32 €",,,,,,
24-juin,1,Marie-hmi-0," 1,97 € "," 0,41 € "," 1,56 € ","518,88 €",,,,,,
25-juin,1,Marie-hmi-0," 1,37 € "," 0,39 € "," 0,98 € ","519,86 €",,,,,,
25-juin,1,wil262wilfrid," 2,98 € "," 0,44 € "," 2,54 € ","522,40 €",,,,,,
25-juin,1,piedu21," 1,37 € "," 0,39 € "," 0,98 € ","523,38 €",,,,,,
26-juin,2,claudelemaire17wanadoofr2013," 2,70 € "," 0,43 € "," 2,27 € ","525,65 €",,,,,,
28-juin,1,laure_mett," 3,47 € "," 0,45 € "," 3,02 € ","528,67 €",,,,,,
28-juin,1,Franck._31," 3,47 € "," 0,45 € "," 3,02 € ","531,69 €",,,,,,
29-juin,1,baure61," 1,17 € "," 0,38 € "," 0,79 € ","532,48 €",,,,,,
29-juin,1,Clovis-fr," 1,30 € "," 0,39 € "," 0,91 € ","533,39 €",,,,,,
29-juin,3,louisa1888," 3,67 € "," 0,46 € "," 3,21 € ","536,60 €",,,,,,
29-juin,1,copain.57leucate," 1,97 € "," 0,41 € "," 1,56 € ","538,16 €",,,,,,
30-juin,2,pcsap," 4,51 € ",- € ," 4,51 € ","530,51 €",,,,,,
01-juil.,1,Amiren-4," 6,47 € "," 0,54 € "," 5,93 € ","536,44 €",,,,,,
01-juil.,1,jola5092," 2,47 € "," 0,42 € "," 2,05 € ","538,49 €",,,,,,
01-juil.,1,gilou256096," 1,97 € "," 0,41 € "," 1,56 € ","540,05 €",,,,,,
01-juil.,1,herhervanl," 4,47 € "," 0,48 € "," 3,99 € ","544,04 €",,,,,,
02-juil.,3,pascalebichette," 2,29 € "," 0,42 € "," 1,87 € ","545,91 €",,,,,,
02-juil.,4,stamps1955.h.f," 7,83 € "," 0,58 € "," 7,25 € ","553,16 €",,,,,,
03-juil.,3,domdom0546," 10,47 € "," 0,65 € "," 9,82 € ","562,98 €",,,,,,
04-juil.,1,thuilmiche," 1,80 € ",- € ," 1,80 € ","564,78 €",,,,,,
05-juil.,1,isabellem7273," 3,97 € "," 0,47 € "," 3,50 € ","568,28 €",,,,,,
05-juil.,1,Boby_30," 1,17 € "," 0,38 € "," 0,79 € ","569,07 €",,,,,,
07-juil.,1,bb47600," 1,87 € "," 0,40 € "," 1,47 € ","570,54 €",,,,,,
08-juil.,1,Af09_11," 3,97 € "," 0,47 € "," 3,50 € ","574,04 €",,,,,,
08-juil.,1,proue44," 1,87 € "," 0,40 € "," 1,47 € ","575,51 €",,,,,,
09-juil.,1,botteannick," 6,47 € "," 0,54 € "," 5,93 € ","581,44 €",,,,,,
09-juil.,1,yancau0," 2,97 € "," 0,44 € "," 2,53 € ","583,97 €",,,,,,
10-juil.,2,lensois02100francoise," 3,00 € "," 0,78 € "," 2,22 € ","586,19 €",,,,,,
11-juil.,6,J-bobou-w3pkj5zc," 8,30 € "," 0,59 € "," 7,71 € ","593,90 €",,,,,,
11-juil.,1,copain.57leucate," 1,97 € "," 0,41 € "," 1,56 € ","595,46 €",,,,,,
12-juil.,1,bowie800," 1,50 € "," 0,39 € "," 1,11 € ","596,57 €",,,,,,
12-juil.,1,thuilmiche," 1,50 € ",- € ," 1,50 € ","598,07 €",chq,,,,,
13-juil.,2,sfx3420," 3,00 € "," 0,78 € "," 2,22 € ","600,29 €",,,,,,
13-juil.,4,patmau6323," 4,47 € "," 0,48 € "," 3,99 € ","604,28 €",,,,,,
13-juil.,1,Xtophe-2013," 4,97 € "," 0,49 € "," 4,48 € ","608,76 €",,,,,,
14-juil.,3,roro1953," 3,00 € "," 0,78 € "," 2,22 € ","610,98 €",,,,,,
14-juil.,1,patirian," 3,47 € "," 0,45 € "," 3,02 € ","614,00 €",,,,,,
15-juil.,1,bydom38," 5,47 € "," 0,51 € "," 4,96 € ","618,96 €",,,,,,
16-juil.,1,Gerarcreti-7," 1,30 € "," 0,39 € "," 0,91 € ","619,87 €",,,,,,
17-juil.,1,titi802009," 2,07 € "," 0,41 € "," 1,66 € ","621,53 €",,,,,,
17-juil.,x,jlman58," 12,99 € "," 0,73 € "," 12,26 € ","633,79 €",,,,,,
17-juil.,3,marchanchan," 3,27 € "," 0,44 € "," 2,83 € ","636,62 €",,,,,,
18-juil.,1,jadup24," 1,80 € "," 0,40 € "," 1,40 € ","638,02 €",,,,,,
18-juil.,2,claude.berthet30," 6,77 € "," 0,55 € "," 6,22 € ","644,24 €",,,,,,
18-juil.,10,stamps1955.h.f," 11,62 € "," 0,69 € "," 10,93 € ","655,17 €",,,,,$'2019',
20-juil.,4,polska62," 10,90 € ",- € ," 10,90 € ","666,07 €",,,,,,
20-juil.,1,gilou256096," 1,80 € "," 0,40 € "," 1,40 € ","667,47 €",,,,,,
22-juil.,2,isabellem7273," 6,45 € "," 0,54 € "," 5,91 € ","673,38 €",,,,,,
22-juil.,1,patirian," 1,95 € "," 0,41 € "," 1,54 € ","674,92 €",,,,,,
22-juil.,1,luftipaulhenri," 3,42 € "," 0,45 € "," 2,97 € ","677,89 €",,,,,,
23-juil.,1,Jean-pauinte-0," 1,80 € "," 0,40 € "," 1,40 € ","679,29 €",,,,,,
23-juil.,1,cyrwil," 1,80 € "," 0,40 € "," 1,40 € ","680,69 €",,,,,,
23-juil.,1,polska62," 5,50 € "," 0,99 € "," 4,51 € ","685,20 €",,ACCOMPTE ,,,,
23-juil.,1,yancau0," 4,95 € "," 0,49 € "," 4,46 € ","689,66 €",,,,,,
25-juil.,2,Englishrose0₆," 3,35 € "," 0,45 € "," 2,90 € ","692,56 €",,,,,,
27-juil.,2,hepat60," 3,60 € "," 0,45 € "," 3,15 € ","695,71 €",,,,,,
27-juil.,1,jeanlouis1946," 4,85 € "," 0,49 € "," 4,36 € ","700,07 €",,,,,,
27-juil.,1,cyrwil," 1,80 € "," 0,40 € "," 1,40 € ","701,47 €",,,,,,
27-juil.,1,molaylittry," 1,80 € "," 0,40 € "," 1,40 € ","702,87 €",,,,,,
27-juil.,1,Hugo2007-2008," 2,05 € "," 0,41 € "," 1,64 € ","704,51 €",,,,,,
30-juil.,1,bebertnumero3," 1,80 € "," 0,40 € "," 1,40 € ","705,91 €",,,,,,
30-juil.,1,Chrismau-7150," 1,80 € "," 0,40 € "," 1,40 € ","707,31 €",,,,,,
30-juil.,8,stamps1955.h.f," 9,89 € "," 0,64 € "," 9,25 € ","716,56 €",,,,,,
30-juil.,5,mti671," 6,40 € "," 0,54 € "," 5,86 € ","722,42 €",,,,,,
31-juil.,1,jean-louistaskiewic-0," 1,80 € "," 0,40 € "," 1,40 € ","723,82 €",,,,,,
31-juil.,1,robr0042.ixmy14b," 1,80 € "," 0,40 € "," 1,40 € ","725,22 €",,,,,,
31-juil.,1,andrmayeu0," 6,85 € "," 0,55 € "," 6,30 € ","713,94 €",,,,,,
01-août,3,christianc01330," 6,45 € "," 0,54 € "," 5,91 € ","719,85 €",,,,,,
02-août,1,Marie-hmi-0," 1,45 € "," 0,39 € "," 1,06 € ","720,91 €",,,,,,
02-août,1,Amca_34," 2,15 € "," 0,41 € "," 1,74 € ","722,65 €",,,,,,
04-août,1,jean-louistaskiewic-0," 3,15 € "," 0,44 € "," 2,71 € ","725,36 €",,,,,,
04-août,3,isabellem7273," 9,15 € "," 0,62 € "," 8,53 € ","733,89 €",,,,,,
05-août,1,pejo6257," 3,70 € "," 0,46 € "," 3,24 € ","737,13 €",,,,,,
05-août,2,jacquescollectiontimbres," 3,18 € "," 0,44 € "," 2,74 € ","739,87 €",,,,,,
05-août,1,Xtophe-2013," 1,97 € "," 0,41 € "," 1,56 € ","741,43 €",,,,,,
08-août,1,Englishrose0₆," 2,05 € "," 0,41 € "," 1,64 € ","743,07 €",,,,,,
08-août,1,elocachou," 2,85 € "," 0,43 € "," 2,42 € ","745,49 €",,,,,,
08-août,1,syljul_28," 8,00 € "," 0,58 € "," 7,42 € ","752,91 €",,,,,,
08-août,1,patbar74210," 1,45 € "," 0,39 € "," 1,06 € ","753,97 €",,ATTENDRE 5 ou 6 timbres en + pour envoyer l’enveloppe,,,,
09-août,1,bichonchoupette," 6,85 € "," 0,55 € "," 6,30 € ","760,27 €",,,,,,
11-août,3,281870," 2,66 € "," 0,43 € "," 2,23 € ","762,50 €",,,,,,
11-août,2,herhervanl," 3,45 € "," 0,45 € "," 3,00 € ","765,50 €",,,,,,
11-août,2,melvyndesert," 3,35 € "," 0,45 € "," 2,90 € ","768,40 €",,,,,,
11-août,1,Pascaforti₆," 4,85 € "," 0,49 € "," 4,36 € ","772,76 €",,,,,,
11-août,1,isabellem7273," 3,90 € "," 0,46 € "," 3,44 € ","776,20 €",,,,,,
11-août,4,pcsap," 6,39 € ",- € ," 6,39 € ","782,59 €",,,,,,
12-août,1,pejo6257," 1,50 € "," 0,39 € "," 1,11 € ","783,70 €",,,,,,
14-août,3,morofra," 5,80 € ",- € ," 5,80 € ","789,50 €",,,,,,
17-août,1,Duthe-anai," 2,68 € "," 0,43 € "," 2,25 € ","791,75 €",,,,,,
19-août,1,francoispierre2008," 1,50 € "," 0,39 € "," 1,11 € ","792,86 €",,,,,,
20-août,1,vikou," 1,50 € "," 0,39 € "," 1,11 € ","793,97 €",,,,,,
20-août,2,cassis1," 2,20 € "," 0,41 € "," 1,79 € ","795,76 €",,,,,,
21-août,1,lensois02100francoise," 2,00 € "," 0,41 € "," 1,59 € ","797,35 €",,,,,,
22-août,1,Joeadni₀," 1,80 € "," 0,40 € "," 1,40 € ","798,75 €",,,,,,
22-août,3,amvap," 5,30 € "," 0,50 € "," 4,80 € ","803,55 €",,,,,,
23-août,2,copain.57leucate," 4,76 € "," 0,49 € "," 4,27 € ","807,82 €",,,,,,
25-août,1,lenoyellois," 2,75 € "," 0,43 € "," 2,32 € ","810,14 €",,,,,,
29-août,1,Englishrose0₆," 1,85 € "," 0,40 € "," 1,45 € ","811,59 €",,,,,,
29-août,1,jeanlouis1946," 5,85 € "," 0,52 € "," 5,33 € ","816,92 €",,,,,,
29-août,1,Boby_30," 4,35 € "," 0,48 € "," 3,87 € ","820,79 €",,,,,,
29-août,1,1papouvert," 3,35 € "," 0,45 € "," 2,90 € ","823,69 €",,,,,,
30-août,2,patbar74210," 1,50 € "," 0,39 € "," 1,11 € ","824,80 €",,,,,,
30-août,2,hepat60," 5,05 € "," 0,50 € "," 4,55 € ","829,35 €",,,,,,
30-août,1,nouca2411," 2,85 € "," 0,43 € "," 2,42 € ","831,77 €",,,,,,
30-août,1,herhervanl," 5,35 € "," 0,51 € "," 4,84 € ","836,61 €",,,,,,
30-août,1,melvyndesert," 1,85 € "," 0,40 € "," 1,45 € ","838,06 €",,,,,,
31-août,1,valeriane13," 2,85 € "," 0,43 € "," 2,42 € ","830,38 €",,,,,,
02-sept.,2,cyanure4819," 3,50 € "," 0,80 € "," 2,70 € ","833,08 €",,,,,,
02-sept.,2,Danjou-48," 3,50 € "," 0,80 € "," 2,70 € ","835,78 €",,,,,,
05-sept.,1,phiph.b.krkav8t," 1,50 € "," 0,39 € "," 1,11 € ","836,89 €",,,,,,
06-sept.,1,Ggmem-p4x849," 4,35 € "," 0,48 € "," 3,87 € ","840,76 €",,,,,,
07-sept.,1,birdwatch56," 2,85 € "," 0,43 € "," 2,42 € ","843,18 €",,,,,,
08-sept.,1,Palpal-r1ryqfnh," 3,35 € "," 0,45 € "," 2,90 € ","846,08 €",,,,,,
08-sept.,1,piedu21," 2,35 € "," 0,42 € "," 1,93 € ","848,01 €",,,,,,
08-sept.,X,patbar74210," 3,00 € ",- € ," 3,00 € ","851,01 €",,,,,,
09-sept.,1,elocachou," 3,85 € "," 0,46 € "," 3,39 € ","854,40 €",,,,,,
09-sept.,2,Chantalormea₀," 3,00 € "," 0,78 € "," 2,22 € ","856,62 €",,,,,,
09-sept.,1,nenecnea," 1,60 € "," 0,40 € "," 1,20 € ","857,82 €",,,,,,
10-sept.,1,jeanpault9049," 2,00 € "," 0,41 € "," 1,59 € ","859,41 €",,,,,,
11-sept.,1,piedu21," 1,95 € "," 0,41 € "," 1,54 € ","860,95 €",,,,,,
11-sept.,1,timbre0328," 2,00 € "," 0,41 € "," 1,59 € ","862,54 €",,,,,,
11-sept.,1,piedu21," 2,85 € "," 0,43 € "," 2,42 € ","864,96 €",,,,,,
12-sept.,11,yann5299," 6,65 € "," 0,54 € "," 6,11 € ","871,07 €",,,,,,
12-sept.,1,frisquette0," 6,90 € "," 0,55 € "," 6,35 € ","877,42 €",,,,,,
12-sept.,1,elocachou12," 4,35 € "," 0,48 € "," 3,87 € ","881,29 €",,,,,,
13-sept.,1,richafr_fyvasg," 2,85 € "," 0,43 € "," 2,42 € ","883,71 €",,,,,,
14-sept.,1,alain7669," 2,85 € "," 0,43 € "," 2,42 € ","886,13 €",,,,,,
15-sept.,2,titi802009," 3,35 € "," 0,45 € "," 2,90 € ","889,03 €",,,,,,
15-sept.,1,Englishrose0₆," 1,75 € "," 0,40 € "," 1,35 € ","890,38 €",,,,,,
15-sept.,1,melvyndesert," 2,85 € "," 0,43 € "," 2,42 € ","892,80 €",,,,,,
15-sept.,4,Virgch-8839," 6,40 € "," 0,54 € "," 5,86 € ","898,66 €",,,,,,
16-sept.,1,birdwatch56," 2,35 € "," 0,42 € "," 1,93 € ","900,59 €",,,,,,
17-sept.,1,arytmi," 1,79 € ",- € ," 1,79 € ","902,38 €",,,,,,
17-sept.,4,roedrerone," 4,10 € "," 0,47 € "," 3,63 € ","906,01 €",,,,,,
17-sept.,1,kadomi58," 3,35 € "," 0,45 € "," 2,90 € ","908,91 €",,,,,,
18-sept.,1,Duthe-anai," 5,35 € "," 0,51 € "," 4,84 € ","913,75 €",,,,,,
19-sept.,1,stock6257," 2,00 € "," 0,41 € "," 1,59 € ","915,34 €",,,,,,
20-sept.,1,Amiren-4," 4,35 € "," 0,48 € "," 3,87 € ","919,21 €",,,,,,
21-sept.,2,herhervanl," 3,38 € "," 0,45 € "," 2,93 € ","922,14 €",,,,,,
21-sept.,1,jeanpault9049," 2,55 € "," 0,42 € "," 2,13 € ","924,27 €",,,,,,
21-sept.,1,Sauzd-miche," 8,35 € "," 0,59 € "," 7,76 € ","932,03 €",,,,,,
21-sept.,1,monober67," 3,25 € "," 0,44 € "," 2,81 € ","934,84 €",,,,,,
24-sept.,1,phildes_17," 4,35 € "," 0,48 € "," 3,87 € ","938,71 €",,,,,,
24-sept.,1,timbre_enchere," 1,80 € "," 0,40 € "," 1,40 € ","940,11 €",,,,,,
24-sept.,1,gb94000," 1,80 € "," 0,40 € "," 1,40 € ","941,51 €",,,,,,
25-sept.,2,chalix01," 3,30 € "," 0,45 € "," 2,85 € ","944,36 €",,,,,,
26-sept.,1,piedu21," 4,35 € "," 0,48 € "," 3,87 € ","948,23 €",,,,,,
27-sept.,1,titi802009," 2,35 € "," 0,42 € "," 1,93 € ","950,16 €",,,,,,
27-sept.,1,jacquescollectiontimbres," 1,45 € "," 0,39 € "," 1,06 € ","951,22 €",,,,,,
28-sept.,1,mony10christian," 3,35 € "," 0,45 € "," 2,90 € ","954,12 €",,,,,,
28-sept.,2,pascalebichette," 3,15 € "," 0,44 € "," 2,71 € ","956,83 €",,,,,,
28-sept.,1,281870," 2,35 € "," 0,42 € "," 1,93 € ","958,76 €",,,,,,
28-sept.,1,enochwallace," 4,85 € "," 0,49 € "," 4,36 € ","963,12 €",,,,,,
29-sept.,2,laure_mett," 3,62 € "," 0,45 € "," 3,17 € ","966,29 €",,,,,,
30-sept.,1,Grece_2009," 3,35 € "," 0,45 € "," 2,90 € ","969,19 €",,,,,,
30-sept.,2,charlos83cvca," 3,00 € "," 0,44 € "," 2,56 € ","957,94 €",,,,,,
02-oct.,3,herhervanl," 8,86 € "," 0,61 € "," 8,25 € ","966,19 €",,,,,,
02-oct.,1,Grece_2009," 3,35 € "," 0,45 € "," 2,90 € ","969,09 €",,,,,,
02-oct.,3,Frit0₁," 4,80 € "," 0,49 € "," 4,31 € ","973,40 €",,,,,,
03-oct.,2,charlos83cvca," 3,85 € "," 0,46 € "," 3,39 € ","976,79 €",,,,,,
04-oct.,4,arytmi," 2,20 € ",- € ," 2,20 € ","978,99 €",,,,,,
05-oct.,3,herhervanl," 10,35 € "," 0,65 € "," 9,70 € ","988,69 €",,,,,,
05-oct.,1,piedu21," 2,15 € "," 0,41 € "," 1,74 € ","990,43 €",,,,,,
05-oct.,1,fr.domi2012," 1,55 € "," 0,39 € "," 1,16 € ","991,59 €",,MR,,,,
05-oct.,1,jack11150," 3,85 € "," 0,46 € "," 3,39 € ","994,98 €",,,,,,
07-oct.,1,sfx3420," 1,80 € "," 0,40 € "," 1,40 € ","996,38 €",,,,,,
07-oct.,1,molaylittry," 2,00 € "," 0,41 € "," 1,59 € ","997,97 €",,,,,,
07-oct.,4,pcsap," 6,14 € ",- € ," 6,14 € ","1 004,11 €",,lapin crétin bleu,,,,
08-oct.,3,catoune76700," 1,65 € "," 0,40 € "," 1,25 € ","1 005,36 €",,,,,,
08-oct.,1,christianc01330," 2,00 € "," 0,41 € "," 1,59 € ","1 006,95 €",,,,,,
12-oct.,2,valeriane13," 3,14 € "," 0,44 € "," 2,70 € ","1 009,65 €",,,,,,
13-oct.,1,saggradda," 3,85 € "," 0,46 € "," 3,39 € ","1 013,04 €",,,,,,
14-oct.,3,pascalebichette," 3,97 € "," 0,47 € "," 3,50 € ","1 016,54 €",,,,,,
15-oct.,6,elocachou," 4,41 € "," 0,48 € "," 3,93 € ","1 020,47 €",,,,,,
15-oct.,1,louimiramo0," 7,35 € "," 0,56 € "," 6,79 € ","1 027,26 €",,,,,,
15-oct.,1,Dangay.2013," 6,35 € "," 0,53 € "," 5,82 € ","1 033,08 €",,,,,,
16-oct.,1,bianci62," 2,85 € "," 0,43 € "," 2,42 € ","1 035,50 €",,,,,,
16-oct.,1,3782philippe," 2,86 € "," 0,43 € "," 2,43 € ","1 037,93 €",,,,,,
18-oct.,2,francois82100," 3,47 € "," 0,45 € "," 3,02 € ","1 040,95 €",,,,,,
18-oct.,12,schaa-fr2015," 19,27 € "," 0,91 € "," 18,36 € ","1 059,31 €",,,,,,
18-oct.,1,michelm27," 3,85 € "," 0,46 € "," 3,39 € ","1 062,70 €",,,,,,
19-oct.,1,trique0," 1,80 € "," 0,40 € "," 1,40 € ","1 064,10 €",,,,,,
19-oct.,2,trique0," 3,00 € "," 0,44 € "," 2,56 € ","1 066,66 €",,,,,,
19-oct.,1,piedu21," 2,97 € "," 0,44 € "," 2,53 € ","1 069,19 €",,,,,,
20-oct.,1,gerjac49," 4,47 € ",- € ," 4,47 € ","1 073,66 €",,,0,,,
20-oct.,1,sfx3420," 2,00 € "," 0,41 € "," 1,59 € ","1 075,25 €",,,,,,
20-oct.,1,tpatrickhenri," 1,80 € "," 0,40 € "," 1,40 € ","1 076,65 €",,,,,,
20-oct.,1,lenoyellois," 2,85 € "," 0,43 € "," 2,42 € ","1 079,07 €",,,,,,
20-oct.,1,Marie-hmi-0," 1,40 € "," 0,39 € "," 1,01 € ","1 080,08 €",,,,,,
20-oct.,1,Brun-pdxago8," 3,35 € "," 0,45 € "," 2,90 € ","1 082,98 €",,,,,,
20-oct.,1,Ggmem-p4x849," 4,85 € "," 0,49 € "," 4,36 € ","1 087,34 €",,,,,,
21-oct.,2,timbre_enchere," 3,40 € "," 0,44 € "," 2,96 € ","1 090,30 €",,,,,,
21-oct.,1,Chris-4648," 5,35 € "," 0,51 € "," 4,84 € ","1 095,14 €",,,,,,
22-oct.,1,clafou0," 2,35 € "," 0,42 € "," 1,93 € ","1 097,07 €",,,,,,
22-oct.,2,tipotop83," 3,80 € "," 0,46 € "," 3,34 € ","1 100,41 €",,,,,,
25-oct.,2,jeanlouis1946," 7,91 € "," 0,58 € "," 7,33 € ","1 107,74 €",,,,,,
25-oct.,1,bouc4532," 3,45 € "," 0,45 € "," 3,00 € ","1 110,74 €",,,,,,
25-oct.,1,Ancris_65," 3,85 € "," 0,46 € "," 3,39 € ","1 114,13 €",,,,,,
25-oct.,3,yo6371," 2,55 € "," 0,42 € "," 2,13 € ","1 116,26 €",,,,,,
25-oct.,1,jeff54600," 2,00 € "," 0,41 € "," 1,59 € ","1 117,85 €",,,,,,
25-oct.,1,Pascal.53," 9,35 € "," 0,62 € "," 8,73 € ","1 126,58 €",,,,,,
26-oct.,1,axelan94," 3,40 € "," 0,45 € "," 2,95 € ","1 129,53 €",,,,,,
27-oct.,1,jeanlouis1946," 6,85 € "," 0,55 € "," 6,30 € ","1 135,83 €",,,,,,
27-oct.,1,clafou0," 2,85 € "," 0,43 € "," 2,42 € ","1 138,25 €",,,,,,
27-oct.,1,bouc4532," 5,85 € "," 0,52 € "," 5,33 € ","1 143,58 €",,,,,,
28-oct.,12,andre.guerin76," 14,00 € ",- € ," 14,00 € ","1 157,58 €",,,,,,
28-oct.,1,Grece_2009," 2,55 € "," 0,42 € "," 2,13 € ","1 159,71 €",,,,,,
28-oct.,3,zorba7808christian," 4,56 € "," 0,48 € "," 4,08 € ","1 163,79 €",,,,,,
28-oct.,1,Syljul_60," 6,85 € "," 0,55 € "," 6,30 € ","1 170,09 €",,,,,,
29-oct.,1,fr.domi2012," 1,55 € "," 0,39 € "," 1,16 € ","1 171,25 €",,,,,,
30-oct.,1,oboi7399," 1,80 € "," 0,40 € "," 1,40 € ","1 172,65 €",,,,,,
30-oct.,1,Ica-90," 2,00 € "," 0,41 € "," 1,59 € ","1 174,24 €",,,,,,
31-oct.,1,claudelemaire17wanadoofr2013," 2,35 € "," 0,42 € "," 1,93 € ","1 176,17 €",,,,,,
31-oct.,3,pascalebichette," 4,36 € "," 0,48 € "," 3,88 € ","1 161,82 €",,,,,,
01-nov.,1,Bellou-2009," 1,80 € "," 0,40 € "," 1,40 € ","1 163,22 €",,,,,,
02-nov.,1,stock6257," 2,00 € "," 0,41 € "," 1,59 € ","1 164,81 €",,,,,,
03-nov.,2,patbar74210," 3,30 € "," 0,45 € "," 2,85 € ","1 167,66 €",,,,,,
03-nov.,1,mbb36," 4,47 € "," 0,48 € "," 3,99 € ","1 171,65 €",,,,,,
03-nov.,5,nbranger85," 3,17 € "," 0,44 € "," 2,73 € ","1 174,38 €",,,,,,
03-nov.,1,yt2013ft," 2,76 € "," 0,43 € "," 2,33 € ","1 176,71 €",,"1,4","1,51",,,
05-nov.,1,fr.domi2012," 5,35 € "," 0,51 € "," 4,84 € ","1 181,55 €",,,,,,
05-nov.,1,onlytiti," 6,87 € "," 0,55 € "," 6,32 € ","1 187,87 €",,,,,,
05-nov.,3,3782philippe," 6,55 € "," 0,54 € "," 6,01 € ","1 193,88 €",,,,,,
06-nov.,20,andre.guerin76," 23,00 € ",- € ," 23,00 € ","1 216,88 €",,,,,,
09-nov.,2,valeriane13," 3,39 € "," 0,45 € "," 2,94 € ","1 219,82 €",,,,,,
09-nov.,1,drobert6957," 4,35 € "," 0,48 € "," 3,87 € ","1 223,69 €",,,,,,
09-nov.,4,281870," 3,38 € "," 0,45 € "," 2,93 € ","1 226,62 €",,,,,,
10-nov.,1,saggradda," 7,85 € "," 0,58 € "," 7,27 € ","1 233,89 €",,,,,,
10-nov.,2,catoune76700," 1,85 € "," 0,40 € "," 1,45 € ","1 235,34 €",,,,,,
10-nov.,2,jacques351," 2,85 € "," 0,43 € "," 2,42 € ","1 237,76 €",,,,,,
13-nov.,1,Bellou-2009," 2,00 € "," 0,41 € "," 1,59 € ","1 239,35 €",,,,,,
13-nov.,1,beaucamps80," 5,45 € "," 0,51 € "," 4,94 € ","1 244,29 €",,,,,,
14-nov.,1,patbar74210," 1,45 € "," 0,39 € "," 1,06 € ","1 245,35 €",,,,,,
14-nov.,1,fr.domi2012," 3,35 € "," 0,45 € "," 2,90 € ","1 248,25 €",,,,,,
14-nov.,3,polska62," 2,00 € ",- € ," 2,00 € ","1 250,25 €",,,,,,
14-nov.,1,Sabte_13," 3,35 € "," 0,45 € "," 2,90 € ","1 253,15 €",,,,,,
16-nov.,10,andre.guerin76," 11,50 € ",- € ," 11,50 € ","1 264,65 €",,,,,,
14-nov.,x,patbar74210," 3,00 € ",- € ," 3,00 € ","1 267,65 €",,,,,,
17-nov.,1,Franvi_088," 2,85 € "," 0,43 € "," 2,42 € ","1 270,07 €",,,,,,
18-nov.,1,Michj-36," 2,85 € "," 0,43 € "," 2,42 € ","1 272,49 €",,,,,,
19-nov.,1,bibi155," 4,35 € "," 0,48 € "," 3,87 € ","1 276,36 €",,,,,,
21-nov.,6,pcsap," 11,12 € ",- € ," 11,12 € ","1 287,48 €",,tous engagés facteur,,,,
21-nov.,1,herhervanl," 6,90 € "," 0,55 € "," 6,35 € ","1 293,83 €",,,,,,
22-nov.,4,3191blot," 5,85 € "," 0,52 € "," 5,33 € ","1 299,16 €",,,,,,
22-nov.,1,fr.domi2012," 3,91 € "," 0,46 € "," 3,45 € ","1 302,61 €",,,,,,
22-nov.,1,opale9581," 1,95 € "," 0,41 € "," 1,54 € ","1 304,15 €",,,,,,
22-nov.,1,francis54450," 3,85 € "," 0,46 € "," 3,39 € ","1 307,54 €",,,,,,
23-nov.,1,titi802009," 4,94 € "," 0,49 € "," 4,45 € ","1 311,99 €",,,,,,
22-nov.,1,micmi_6672," 2,00 € "," 0,41 € "," 1,59 € ","1 313,58 €",,,,,,
24-nov.,3,isabellem7273," 10,85 € "," 0,66 € "," 10,19 € ","1 323,77 €",,,,,,
24-nov.,2,titi802009," 9,66 € "," 0,63 € "," 9,03 € ","1 332,80 €",,,,,,
26-nov.,1,pascalebichette," 2,92 € "," 0,43 € "," 2,49 € ","1 335,29 €",,,,,,
27-nov.,1,clafou0," 2,15 € "," 0,41 € "," 1,74 € ","1 337,03 €",,,,,,
28-nov.,2,polska62," 3,57 € ",- € ," 3,57 € ","1 326,99 €",,,,,,
01-déc.,1,romont_fr," 14,44 € "," 0,77 € "," 13,67 € ","1 340,66 €",,,,,,
03-déc.,1,monober67," 4,15 € "," 0,47 € "," 3,68 € ","1 344,34 €",,,,,,
03-déc.,x,cartonanard," 9,03 € ",- € ," 9,03 € ","1 353,37 €",,,,,,
03-déc.,2,proue44," 3,45 € "," 0,45 € "," 3,00 € ","1 356,37 €",,,,,,
04-déc.,2,Jeremy13_03," 14,11 € "," 0,76 € "," 13,35 € ","1 369,72 €",,,,,,
06-déc.,1,clafou0," 2,35 € "," 0,42 € "," 1,93 € ","1 371,65 €",,,,,,
07-déc.,1,labreizh56," 2,35 € "," 0,42 € "," 1,93 € ","1 373,58 €",,,,,,
07-déc.,1,jersey99pascale," 1,65 € "," 0,40 € "," 1,25 € ","1 374,83 €",,,,,,
08-déc.,1,izakoum76," 3,85 € "," 0,46 € "," 3,39 € ","1 378,22 €",,,,,,
08-déc.,1,titi802009," 3,04 € "," 0,44 € "," 2,60 € ","1 380,82 €",,,,,,
08-déc.,1,daniel542209," 3,44 € "," 0,45 € "," 2,99 € ","1 383,81 €",,,,,,
08-déc.,1,Jeronimo-31," 8,60 € "," 0,60 € "," 8,00 € ","1 391,81 €",,,,,,
08-déc.,3,elocachou," 5,50 € "," 0,51 € "," 4,99 € ","1 396,80 €",,,,,,
09-déc.,1,moirene23349," 3,35 € "," 0,45 € "," 2,90 € ","1 399,70 €",,,,,,
09-déc.,1,claudelemaire17wanadoofr2013," 3,35 € "," 0,45 € "," 2,90 € ","1 402,60 €",,,,,,
10-déc.,1,bianci62," 3,85 € "," 0,46 € "," 3,39 € ","1 405,99 €",,,,,,
10-déc.,1,Jeremy_1303," 3,85 € "," 0,46 € "," 3,39 € ","1 409,38 €",,,,,,
13-déc.,1,jeanlouis1946," 7,35 € "," 0,56 € "," 6,79 € ","1 416,17 €",,,,,,
14-déc.,1,jrjr1925," 3,85 € "," 0,46 € "," 3,39 € ","1 419,56 €",,,,,,
15-déc.,2,pascalebichette," 2,55 € "," 0,42 € "," 2,13 € ","1 421,69 €",,,,,,
19-déc.,1,clafou0," 2,05 € "," 0,41 € "," 1,64 € ","1 423,33 €",,,,,,
19-déc.,2,melvyndesert," 4,66 € "," 0,49 € "," 4,17 € ","1 427,50 €",,,,,,
20-déc.,1,chris_adamc," 7,29 € "," 0,56 € "," 6,73 € ","1 434,23 €",,,,,,
20-déc.,1,jola5092," 2,85 € "," 0,43 € "," 2,42 € ","1 436,65 €",,,,,,
23-déc.,4,arytmi," 2,30 € ",- € ," 2,30 € ","1 438,95 €",,,,,,
23-déc.,1,gerjac49," 5,35 € ",- € ," 5,35 € ","1 444,30 €",,,,,,
23-déc.,1,domdom0546," 4,08 € "," 0,47 € "," 3,61 € ","1 447,91 €",,,,,,
23-déc.,1,Alaf-3209," 3,50 € "," 0,45 € "," 3,05 € ","1 450,96 €",,,,,,
26-déc.,1,k.alain.7," 3,50 € "," 0,45 € "," 3,05 € ","1 454,01 €",,,,,,
26-déc.,1,Michj-36," 1,80 € "," 0,40 € "," 1,40 € ","1 455,41 €",,,,,,
26-déc.,3,Didso₈," 5,85 € "," 0,52 € "," 5,33 € ","1 460,74 €",,,,,,
26-déc.,1,clafou0," 2,35 € "," 0,42 € "," 1,93 € ","1 462,67 €",,,,,,
27-déc.,1,papiloule," 2,85 € "," 0,43 € "," 2,42 € ","1 465,09 €",,,,,,
27-déc.,1,papiloule," 3,95 € "," 0,46 € "," 3,49 € ","1 468,58 €",,,,,,
27-déc.,1,edmcarpe0," 14,44 € "," 0,77 € "," 13,67 € ","1 482,25 €",,,,,,
28-déc.,x,andre.guerin76," 10,00 € ",- € ," 10,00 € ","1 492,25 €",,,,,,
28-déc.,x,andre.guerin76," 6,50 € ",- € ," 6,50 € ","1 498,75 €",,,,,,
29-déc.,1,pejo6257," 1,80 € "," 0,40 € "," 1,40 € ","1 500,15 €",,,,,,
29-déc.,1,papiloule," 5,20 € "," 0,50 € "," 4,70 € ","1 504,85 €",,,,,,
31-déc.,1,domdom0546," 1,40 € "," 0,39 € "," 1,01 € ","1 505,86 €",,,,,,
,,,," 220,51 € ", ,,,,,,,
,,,," 0,43 € ", ,,,,,,,
,,,,, ,,,,,,,
,,,,, ,,,,,,,
,,,,, ,,,,,,,
,,,,, ,,,,,,,
,964,,,, ,,,,,,,
,,,,, ,,,,,,,
,,,,, ,,,,,,,
,,,,, ,,,,,,,
,,,,, ,,,,,,,
,,,,, ,,,,,,,
,,,,, ,,,,,,,
,,,,, ,,,,,,,
,,,,, ,,,,,,,
,,,,, ,,,,,,,
,,,,, ,,,,,,,
,,,,, ,,,,,,,
,,,,, ,,,,,,,
,,,,, ,,,,,,,
,,,,, ,,,,,,,
,,,,, ,,,,,,,
,,,,, ,,,,,,,
,,,,, ,,,,,,,
,,,,, ,,,,,,,
,,,,, ,,,,,,,
,,,,, ,,,,,,,
,,,,, ,,,,,,,
,,,,, ,,,,,,,
,,,,, ,,,,,,,
,,,,, ,,,,,,,
,,,,, ,,,,,,,
,,,,, ,,,,,,,
,,,,, ,,,,,,,
,,,,, ,,,,,,,
,,,,, ,,,,,,,
,,,,, ,,,,,,,
,,,,, ,,,,,,,
,,,,, ,,,,,,,
,,,,, ,,,,,,,
,,,,, ,,,,,,,
,,,,, ,,,,,,,
,,,,, ,,,,,,,
,,,,, ,,,,,,,
,,,,, ,,,,,,,
,,,,, ,,,,,,,
,,,,, ,,,,,,,
,,,,, ,,,,,,,
,,,,, ,,,,,,,
,,,,, ,,,,,,,
,,,,, ,,,,,,,
,,,,, ,,,,,,,
,,,,, ,,,,,,,
,,,,, ,,,,,,,
,,,,, ,,,,,,,
,,,,, ,,,,,,,
,,,,, ,,,,,,,
,,,,, ,,,,,,,
,,,,, ,,,,,,,
,,,,, ,,,,,,,
,,,,, ,,,,,,,
,,,,, ,,,,,,,
,,,,, ,,,,,,,
,,,,, ,,,,,,,
,,,,, ,,,,,,,
,,,,, ,,,,,,,
,,,,, ,,,,,,,
,,,,, ,,,,,,,
,,,,, ,,,,,,,
,,,,, ,,,,,,,
,,,,, ,,,,,,,
,,,,, ,,,,,,,
,,,,, ,,,,,,,
,,,,, ,,,,,,,
,,,,, ,,,,,,,
,,,,, ,,,,,,,
,,,,, ,,,,,,,
,,,,, ,,,,,,,
,,,,, ,,,,,,,
,,,,, ,,,,,,,
,,,,, ,,,,,,,
,,,,, ,,,,,,,
,,,,, ,,,,,,,
,,,,, ,,,,,,,
,,,,, ,,,,,,,
,,,,, ,,,,,,,
,,,,, ,,,,,,,
,,,,, ,,,,,,,
,,,,, ,,,,,,,
,,,,, ,,,,,,,
,,,,, ,,,,,,,
,,,,, ,,,,,,,
,,,,, ,,,,,,,
,,,,, ,,,,,,,
,,,,, ,,,,,,,
,,,,, ,,,,,,,
,,,,, ,,,,,,,
,,,,, ,,,,,,,
,,,,, ,,,,,,,
,,,,, ,,,,,,,
,,,,, ,,,,,,,
,,,,, ,,,,,,,
,,,,, ,,,,,,,
,,,,, ,,,,,,,
,,,,, ,,,,,,,
,,,,, ,,,,,,,
,,,,, ,,,,,,,
,,,,, ,,,,,,,
,,,,, ,,,,,,,
,,,,, ,,,,,,,
,,,,, ,,,,,,,
,,,,, ,,,,,,,
,,,,, ,,,,,,,
,,,,, ,,,,,,,
,,,,, ,,,,,,,
,,,,, ,,,,,,,
,,,,, ,,,,,,,
,,,,, ,,,,,,,
,,,,, ,,,,,,,
,,,,, ,,,,,,,
,,,,, ,,,,,,,
,,,,, ,,,,,,,
,,,,, ,,,,,,,
,,,,, ,,,,,,,
,,,,, ,,,,,,,
,,,,, ,,,,,,,
,,,,, ,,,,,,,
,,,,, ,,,,,,,
,,,,, ,,,,,,,
,,,,, ,,,,,,,
,,,,, ,,,,,,,
,,,,, ,,,,,,,
,,,,, ,,,,,,,
,,,,, ,,,,,,,
,,,,, ,,,,,,,
,,,,, ,,,,,,,
,,,,, ,,,,,,,
,,,,, ,,,,,,,
,,,,, ,,,,,,,
,,,,, ,,,,,,,
,,,,, ,,,,,,,
,,,,, ,,,,,,,
,,,,, ,,,,,,,
,,,,, ,,,,,,,
,,,,, ,,,,,,,
,,,,, ,,,,,,,
,,,,, ,,,,,,,
,,,,, ,,,,,,,
,,,,, ,,,,,,,
,,,,, ,,,,,,,
,,,,, ,,,,,,,
,,,,, ,,,,,,,
,,,,, ,,,,,,,
,,,,, ,,,,,,,
,,,,, ,,,,,,,
,,,,, ,,,,,,,
,,,,, ,,,,,,,
,,,,, ,,,,,,,
,,,,, ,,,,,,,
,,,,, ,,,,,,,
,,,,, ,,,,,,,
,,,,, ,,,,,,,
,,,,, ,,,,,,,
,,,,, ,,,,,,,
,,,,, ,,,,,,,
,,,,, ,,,,,,,
,,,,, ,,,,,,,
,,,,, ,,,,,,,
,,,,, ,,,,,,,
,,,,, ,,,,,,,
,,,,, ,,,,,,,
,,,,, ,,,,,,,
,,,,, ,,,,,,,
,,,,, ,,,,,,,
,,,,, ,,,,,,,
,,,,, ,,,,,,,
,,,,, ,,,,,,,
,,,,, ,,,,,,,
,,,,, ,,,,,,,
,,,,, ,,,,,,,
,,,,, ,,,,,,,
,,,,, ,,,,,,,
,,,,, ,,,,,,,
,,,,, ,,,,,,,
,,,,, ,,,,,,,
,,,,, ,,,,,,,
,,,,, ,,,,,,,
,,,,, ,,,,,,,
,,,,, ,,,,,,,
,,,,, ,,,,,,,
,,,,, ,,,,,,,
,,,,, ,,,,,,,
,,,,, ,,,,,,,
,,,,, ,,,,,,,
,,,,, ,,,,,,,
,,,,, ,,,,,,,
,,,,, ,,,,,,,
,,,,, ,,,,,,,
,,,,, ,,,,,,,
,,,,, ,,,,,,,
,,,,, ,,,,,,,
,,,,, ,,,,,,,
,,,,, ,,,,,,,
,,,,, ,,,,,,,
,,,,, ,,,,,,,
,,,,, ,,,,,,,
,,,,, ,,,,,,,
,,,,, ,,,,,,,
,,,,, ,,,,,,,
,,,,, ,,,,,,,
,,,,, ,,,,,,,
,,,,, ,,,,,,,
,,,,, ,,,,,,,
,,,,, ,,,,,,,
,,,,, ,,,,,,,
,,,,, ,,,,,,,
,,,,, ,,,,,,,
,,,,, ,,,,,,,
,,,,, ,,,,,,,
,,,,, ,,,,,,,
,,,,, ,,,,,,,
,,,,, ,,,,,,,
,,,,, ,,,,,,,
,,,,, ,,,,,,,
,,,,, ,,,,,,,
,,,,, ,,,,,,,
,,,,, ,,,,,,,
,,,,, ,,,,,,,
,,,,, ,,,,,,,
,,,,, ,,,,,,,
,,,,, ,,,,,,,
,,,,, ,,,,,,,
,,,,, ,,,,,,,
,,,,, ,,,,,,,
,,,,, ,,,,,,,
,,,,, ,,,,,,,
,,,,, ,,,,,,,
,,,,, ,,,,,,,
,,,,, ,,,,,,,
,,,,, ,,,,,,,
,,,,, ,,,,,,,
,,,,, ,,,,,,,
,,,,, ,,,,,,,
,,,,, ,,,,,,,
,,,,, ,,,,,,,
,,,,, ,,,,,,,
,,,,, ,,,,,,,
,,,,, ,,,,,,,
,,,,, ,,,,,,,
,,,,, ,,,,,,,
,,,,, ,,,,,,,
,,,,, ,,,,,,,
,,,,, ,,,,,,,
,,,,, ,,,,,,,
,,,,, ,,,,,,,
,,,,, ,,,,,,,
,,,,, ,,,,,,,
,,,,, ,,,,,,,
,,,,, ,,,,,,,
,,,,, ,,,,,,,
,,,,, ,,,,,,,
,,,,, ,,,,,,,
,,,,, ,,,,,,,
,,,,, ,,,,,,,
,,,,, ,,,,,,,
,,,,, ,,,,,,,
,,,,, ,,,,,,,
,,,,, ,,,,,,,
,,,,, ,,,,,,,
,,,,, ,,,,,,,
,,,,, ,,,,,,,
,,,,, ,,,,,,,
,,,,, ,,,,,,,
,,,,, ,,,,,,,
,,,,, ,,,,,,,
,,,,, ,,,,,,,
,,,,, ,,,,,,,
,,,,, ,,,,,,,
,,,,, ,,,,,,,
,,,,, ,,,,,,,
,,,,, ,,,,,,,
,,,,, ,,,,,,,
,,,,, ,,,,,,,
,,,,, ,,,,,,,
,,,,, ,,,,,,,
,,,,, ,,,,,,,
,,,,, ,,,,,,,
,,,,, ,,,,,,,
,,,,, ,,,,,,,
,,,,, ,,,,,,,
,,,,, ,,,,,,,
,,,,, ,,,,,,,
,,,,, ,,,,,,,
,,,,, ,,,,,,,
,,,,, ,,,,,,,
,,,,, ,,,,,,,
,,,,, ,,,,,,,
,,,,, ,,,,,,,
,,,,, ,,,,,,,
,,,,, ,,,,,,,
,,,,, ,,,,,,,
,,,,, ,,,,,,,
,,,,, ,,,,,,,
,,,,, ,,,,,,,
,,,,, ,,,,,,,
,,,,, ,,,,,,,
,,,,, ,,,,,,,
,,,,, ,,,,,,,
,,,,, ,,,,,,,
,,,,, ,,,,,,,
,,,,, ,,,,,,,
,,,,, ,,,,,,,
,,,,, ,,,,,,,
,,,,, ,,,,,,,
,,,,, ,,,,,,,
,,,,, ,,,,,,,
,,,,, ,,,,,,,
,,,,, ,,,,,,,
,,,,, ,,,,,,,
,,,,, ,,,,,,,
,,,,, ,,,,,,,
,,,,, ,,,,,,,
,,,,, ,,,,,,,
,,,,, ,,,,,,,
,,,,, ,,,,,,,
,,,,, ,,,,,,,
,,,,, ,,,,,,,
,,,,, ,,,,,,,
,,,,, ,,,,,,,
,,,,, ,,,,,,,
,,,,, ,,,,,,,
,,,,, ,,,,,,,
,,,,, ,,,,,,,
,,,,, ,,,,,,,
,,,,, ,,,,,,,
,,,,, ,,,,,,,
,,,,, ,,,,,,,
,,,,, ,,,,,,,
,,,,, ,,,,,,,
,,,,, ,,,,,,,
,,,,, ,,,,,,,
,,,,, ,,,,,,,
,,,,, ,,,,,,,
,,,,, ,,,,,,,
,,,,, ,,,,,,,
,,,,, ,,,,,,,
,,,,, ,,,,,,,
,,,,, ,,,,,,,
,,,,, ,,,,,,,
,,,,, ,,,,,,,
,,,,, ,,,,,,,
,,,,, ,,,,,,,
,,,,, ,,,,,,,
,,,,, ,,,,,,,
,,,,, ,,,,,,,
,,,,, ,,,,,,,
,,,,, ,,,,,,,
,,,,, ,,,,,,,
,,,,, ,,,,,,,
,,,,, ,,,,,,,
,,,,, ,,,,,,,
,,,,, ,,,,,,,
,,,,, ,,,,,,,
,,,,, ,,,,,,,
,,,,, ,,,,,,,
,,,,, ,,,,,,,
,,,,, ,,,,,,,
,,,,, ,,,,,,,
,,,,, ,,,,,,,
,,,,, ,,,,,,,
,,,,, ,,,,,,,
,,,,, ,,,,,,,
,,,,, ,,,,,,,
,,,,, ,,,,,,,
,,,,, ,,,,,,,
,,,,, ,,,,,,,
,,,,, ,,,,,,,
,,,,, ,,,,,,,
,,,,, ,,,,,,,
,,,,, ,,,,,,,
,,,,, ,,,,,,,
,,,,, ,,,,,,,
,,,,, ,,,,,,,
,,,,, ,,,,,,,
,,,,, ,,,,,,,
,,,,, ,,,,,,,
,,,,, ,,,,,,,
,,,,, ,,,,,,,
,,,,, ,,,,,,,
,,,,, ,,,,,,,
,,,,, ,,,,,,,
,,,,, ,,,,,,,
,,,,, ,,,,,,,
,,,,, ,,,,,,,
,,,,, ,,,,,,,
,,,,, ,,,,,,,
,,,,, ,,,,,,,
,,,,, ,,,,,,,
,,,,, ,,,,,,,
,,,,, ,,,,,,,
,,,,, ,,,,,,,
,,,,, ,,,,,,,
,,,,, ,,,,,,,
,,,,, ,,,,,,,
,,,,, ,,,,,,,
,,,,, ,,,,,,,
,,,,, ,,,,,,,
,,,,, ,,,,,,,
,,,,, ,,,,,,,
,,,,, ,,,,,,,
,,,,, ,,,,,,,
,,,,, ,,,,,,,
,,,,, ,,,,,,,
,,,,, ,,,,,,,
,,,,, ,,,,,,,
,,,,, ,,,,,,,
,,,,, ,,,,,,,
,,,,, ,,,,,,,
,,,,, ,,,,,,,
,,,,, ,,,,,,,
,,,,, ,,,,,,,
,,,,, ,,,,,,,
,,,,, ,,,,,,,
,,,,, ,,,,,,,
,,,,, ,,,,,,,
,,,,, ,,,,,,,
,,,,, ,,,,,,,
,,,,, ,,,,,,,
,,,,, ,,,,,,,
,,,,, ,,,,,,,
,,,,, ,,,,,,,
,,,,, ,,,,,,,
,,,,, ,,,,,,,
,,,,, ,,,,,,,
,,,,, ,,,,,,,
,,,,, ,,,,,,,
,,,,, ,,,,,,,
,,,,, ,,,,,,,
,,,,, ,,,,,,,
,,,,, ,,,,,,,
,,,,, ,,,,,,,
,,,,, ,,,,,,,
,,,,, ,,,,,,,
,,,,, ,,,,,,,
,,,,, ,,,,,,,
,,,,, ,,,,,,,
,,,,, ,,,,,,,
,,,,, ,,,,,,,
,,,,, ,,,,,,,
,,,,, ,,,,,,,
,,,,, ,,,,,,,
,,,,, ,,,,,,,
,,,,, ,,,,,,,
,,,,, ,,,,,,,
,,,,, ,,,,,,,
,,,,, ,,,,,,,
,,,,, ,,,,,,,
,,,,, ,,,,,,,
,,,,, ,,,,,,,
,,,,, ,,,,,,,
,,,,, ,,,,,,,
,,,,, ,,,,,,,
,,,,, ,,,,,,,
,,,,, ,,,,,,,
,,,,, ,,,,,,,
,,,,, ,,,,,,,
,,,,, ,,,,,,,
,,,,, ,,,,,,,
,,,,, ,,,,,,,
,,,,, ,,,,,,,
,,,,, ,,,,,,,
,,,,, ,,,,,,,
,,,,, ,,,,,,,
,,,,, ,,,,,,,
,,,,, ,,,,,,,
,,,,, ,,,,,,,
,,,,, ,,,,,,,
,,,,, ,,,,,,,
,,,,, ,,,,,,,
,,,,, ,,,,,,,
,,,,, ,,,,,,,
,,,,, ,,,,,,,
,,,,, ,,,,,,,
,,,,, ,,,,,,,
,,,,, ,,,,,,,
,,,,, ,,,,,,,
,,,,, ,,,,,,,
,,,,, ,,,,,,,
,,,,, ,,,,,,,
,,,,, ,,,,,,,
,,,,, ,,,,,,,
,,,,, ,,,,,,,
,,,,, ,,,,,,,
,,,,, ,,,,,,,
,,,,, ,,,,,,,
,,,,, ,,,,,,,
,,,,, ,,,,,,,
,,,,, ,,,,,,,
,,,,, ,,,,,,,
,,,,, ,,,,,,,
,,,,, ,,,,,,,
,,,,, ,,,,,,,
,,,,, ,,,,,,,
,,,,, ,,,,,,,
,,,,, ,,,,,,,
,,,,, ,,,,,,,
,,,,, ,,,,,,,
,,,,, ,,,,,,,
,,,,, ,,,,,,,
,,,,, ,,,,,,,
,,,,, ,,,,,,,
,,,,, ,,,,,,,
,,,,, ,,,,,,,
,,,,, ,,,,,,,
,,,,, ,,,,,,,
,,,,, ,,,,,,,
,,,,, ,,,,,,,
,,,,, ,,,,,,,
,,,,, ,,,,,,,
,,,,, ,,,,,,,
,,,,, ,,,,,,,
,,,,, ,,,,,,,
,,,,, ,,,,,,,
,,,,, ,,,,,,,
,,,,, ,,,,,,,
,,,,, ,,,,,,,
,,,,, ,,,,,,,
,,,,, ,,,,,,,
,,,,, ,,,,,,,
,,,,, ,,,,,,,
,,,,, ,,,,,,,
,,,,, ,,,,,,,
,,,,, ,,,,,,,
,,,,, ,,,,,,,
,,,,, ,,,,,,,
,,,,, ,,,,,,,
,,,,, ,,,,,,,
,,,,, ,,,,,,,
,,,,, ,,,,,,,
,,,,, ,,,,,,,
,,,,, ,,,,,,,
,,,,, ,,,,,,,
,,,,, ,,,,,,,
,,,,, ,,,,,,,
,,,,, ,,,,,,,
,,,,, ,,,,,,,
,,,,, ,,,,,,,
,,,,, ,,,,,,,
,,,,, ,,,,,,,
,,,,, ,,,,,,,
,,,,, ,,,,,,,
,,,,, ,,,,,,,
,,,,, ,,,,,,,
,,,,, ,,,,,,,
,,,,, ,,,,,,,
,,,,, ,,,,,,,
,,,,, ,,,,,,,
,,,,, ,,,,,,,
,,,,, ,,,,,,,
,,,,, ,,,,,,,
,,,,, ,,,,,,,
,,,,, ,,,,,,,
,,,,, ,,,,,,,
,,,,, ,,,,,,,
,,,,, ,,,,,,,
,,,,, ,,,,,,,
,,,,, ,,,,,,,
,,,,, ,,,,,,,
,,,,, ,,,,,,,
,,,,, ,,,,,,,
,,,,, ,,,,,,,
,,,,, ,,,,,,,
,,,,, ,,,,,,,
,,,,, ,,,,,,,
,,,,, ,,,,,,,
,,,,, ,,,,,,,
,,,,, ,,,,,,,
,,,,, ,,,,,,,
,,,,, ,,,,,,,
,,,,, ,,,,,,,
,,,,, ,,,,,,,
,,,,, ,,,,,,,
,,,,, ,,,,,,,
,,,,, ,,,,,,,
,,,,, ,,,,,,,
,,,,, ,,,,,,,
,,,,, ,,,,,,,
,,,,, ,,,,,,,
,,,,, ,,,,,,,
,,,,, ,,,,,,,
,,,,, ,,,,,,,
,,,,, ,,,,,,,
,,,,, ,,,,,,,
,,,,, ,,,,,,,
,,,,, ,,,,,,,
,,,,, ,,,,,,,
,,,,, ,,,,,,,
,,,,, ,,,,,,,
,,,,, ,,,,,,,
,,,,, ,,,,,,,
,,,,, ,,,,,,,
,,,,, ,,,,,,,
,,,,, ,,,,,,,
,,,,, ,,,,,,,
,,,,, ,,,,,,,
,,,,, ,,,,,,,
,,,,, ,,,,,,,
,,,,, ,,,,,,,
,,,,, ,,,,,,,
,,,,, ,,,,,,,
,,,,, ,,,,,,,
,,,,, ,,,,,,,
,,,,, ,,,,,,,
,,,,, ,,,,,,,
,,,,, ,,,,,,,
,,,,, ,,,,,,,
,,,,, ,,,,,,,
,,,,, ,,,,,,,
,,,,, ,,,,,,,
,,,,, ,,,,,,,
,,,,, ,,,,,,,
,,,,, ,,,,,,,
,,,,, ,,,,,,,
,,,,, ,,,,,,,
,,,,, ,,,,,,,
,,,,, ,,,,,,,
,,,,, ,,,,,,,
,,,,, ,,,,,,,
,,,,, ,,,,,,,
,,,,, ,,,,,,,
,,,,, ,,,,,,,
,,,,, ,,,,,,,
,,,,, ,,,,,,,
,,,,, ,,,,,,,
,,,,, ,,,,,,,
,,,,, ,,,,,,,
,,,,, ,,,,,,,
,,,,, ,,,,,,,
,,,,, ,,,,,,,
,,,,, ,,,,,,,
,,,,, ,,,,,,,
,,,,, ,,,,,,,
,,,,, ,,,,,,,
,,,,, ,,,,,,,
,,,,, ,,,,,,,
,,,,, ,,,,,,,
,,,,, ,,,,,,,
,,,,, ,,,,,,,
,,,,, ,,,,,,,
,,,,, ,,,,,,,
,,,,, ,,,,,,,
,,,,, ,,,,,,,
,,,,, ,,,,,,,
,,,,, ,,,,,,,
,,,,, ,,,,,,,
,,,,, ,,,,,,,
,,,,, ,,,,,,,
,,,,, ,,,,,,,
,,,,, ,,,,,,,
,,,,, ,,,,,,,
,,,,, ,,,,,,,
,,,,, ,,,,,,,
,,,,, ,,,,,,,
,,,,, ,,,,,,,
,,,,, ,,,,,,,
,,,,, ,,,,,,,
,,,,, ,,,,,,,
,,,,, ,,,,,,,
,,,,, ,,,,,,,
,,,,, ,,,,,,,
,,,,, ,,,,,,,
,,,,, ,,,,,,,
,,,,, ,,,,,,,
,,,,, ,,,,,,,
,,,,, ,,,,,,,
,,,,, ,,,,,,,
,,,,, ,,,,,,,
,,,,, ,,,,,,,
,,,,, ,,,,,,,
,,,,, ,,,,,,,
,,,,, ,,,,,,,
,,,,, ,,,,,,,
,,,,, ,,,,,,,
,,,,, ,,,,,,,
,,,,, ,,,,,,,
,,,,, ,,,,,,,
,,,,, ,,,,,,,
,,,,, ,,,,,,,
,,,,, ,,,,,,,
,,,,, ,,,,,,,
,,,,, ,,,,,,,
,,,,, ,,,,,,,
,,,,, ,,,,,,,
,,,,, ,,,,,,,
,,,,, ,,,,,,,
,,,,, ,,,,,,,
,,,,, ,,,,,,,
,,,,, ,,,,,,,
,,,,, ,,,,,,,
,,,,, ,,,,,,,
,,,,, ,,,,,,,
,,,,, ,,,,,,,
,,,,, ,,,,,,,
,,,,, ,,,,,,,
,,,,, ,,,,,,,
,,,,, ,,,,,,,
,,,,, ,,,,,,,
,,,,, ,,,,,,,
,,,,, ,,,,,,,
,,,,, ,,,,,,,
,,,,, ,,,,,,,
,,,,, ,,,,,,,
,,,,, ,,,,,,,
,,,,, ,,,,,,,
,,,,, ,,,,,,,
,,,,, ,,,,,,,
,,,,, ,,,,,,,
,,,,, ,,,,,,,
,,,,, ,,,,,,,
,,,,, ,,,,,,,
,,,,, ,,,,,,,
,,,,, ,,,,,,,
,,,,, ,,,,,,,
,,,,, ,,,,,,,
,,,,, ,,,,,,,
,,,,, ,,,,,,,
,,,,, ,,,,,,,
,,,,, ,,,,,,,
,,,,, ,,,,,,,
,,,,, ,,,,,,,
,,,,, ,,,,,,,
,,,,, ,,,,,,,
,,,,, ,,,,,,,
,,,,, ,,,,,,,
,,,,, ,,,,,,,
,,,,, ,,,,,,,
,,,,, ,,,,,,,
,,,,, ,,,,,,,
,,,,, ,,,,,,,
,,,,, ,,,,,,,
,,,,, ,,,,,,,
,,,,, ,,,,,,,
,,,,, ,,,,,,,
,,,,, ,,,,,,,
,,,,, ,,,,,,,
,,,,, ,,,,,,,
,,,,, ,,,,,,,
,,,,, ,,,,,,,
,,,,, ,,,,,,,
,,,,, ,,,,,,,
,,,,, ,,,,,,,
,,,,, ,,,,,,,
,,,,, ,,,,,,,
,,,,, ,,,,,,,
,,,,, ,,,,,,,
,,,,, ,,,,,,,
,,,,, ,,,,,,,
,,,,, ,,,,,,,
,,,,, ,,,,,,,
,,,,, ,,,,,,,
,,,,, ,,,,,,,
,,,,, ,,,,,,,
,,,,, ,,,,,,,
,,,,, ,,,,,,,
,,,,, ,,,,,,,
,,,,, ,,,,,,,
,,,,, ,,,,,,,
,,,,, ,,,,,,,
,,,,, ,,,,,,,
,,,,, ,,,,,,,
,,,,, ,,,,,,,
,,,,, ,,,,,,,
,,,,, ,,,,,,,
,,,,, ,,,,,,,
,,,,, ,,,,,,,
,,,,, ,,,,,,,
,,,,, ,,,,,,,
,,,,, ,,,,,,,
,,,,, ,,,,,,,
,,,,, ,,,,,,,
,,,,, ,,,,,,,
,,,,, ,,,,,,,
,,,,, ,,,,,,,
,,,,, ,,,,,,,
,,,,, ,,,,,,,
,,,,, ,,,,,,,
,,,,, ,,,,,,,
,,,,, ,,,,,,,
,,,,, ,,,,,,,
,,,,, ,,,,,,,
,,,,, ,,,,,,,
,,,,, ,,,,,,,
,,,,, ,,,,,,,
,,,,, ,,,,,,,
,,,,, ,,,,,,,
,,,,, ,,,,,,,
,,,,, ,,,,,,,
,,,,, ,,,,,,,
,,,,, ,,,,,,,
,,,,, ,,,,,,,
,,,,, ,,,,,,,
,,,,, ,,,,,,,
,,,,, ,,,,,,,
,,,,, ,,,,,,,
,,,,, ,,,,,,,
,,,,, ,,,,,,,
,,,,, ,,,,,,,
,,,,, ,,,,,,,
,,,,, ,,,,,,,
,,,,, ,,,,,,,
,,,,, ,,,,,,,
,,,,, ,,,,,,,
,,,,, ,,,,,,,
,,,,, ,,,,,,,
,,,,, ,,,,,,,
,,,,, ,,,,,,,
,,,,, ,,,,,,,
,,,,, ,,,,,,,
,,,,, ,,,,,,,
,,,,, ,,,,,,,
,,,,, ,,,,,,,
,,,,, ,,,,,,,
,,,,, ,,,,,,,
,,,,, ,,,,,,,
,,,,, ,,,,,,,
,,,,, ,,,,,,,
,,,,, ,,,,,,,
,,,,, ,,,,,,,
,,,,, ,,,,,,,
,,,,, ,,,,,,,
,,,,, ,,,,,,,
,,,,, ,,,,,,,
,,,,, ,,,,,,,
,,,,, ,,,,,,,
,,,,, ,,,,,,,
,,,,, ,,,,,,,
,,,,, ,,,,,,,
,,,,, ,,,,,,,
,,,,, ,,,,,,,
,,,,, ,,,,,,,
,,,,, ,,,,,,,
,,,,, ,,,,,,,
,,,,, ,,,,,,,
,,,,, ,,,,,,,
,,,,, ,,,,,,,
,,,,, ,,,,,,,
,,,,, ,,,,,,,
,,,,, ,,,,,,,
,,,,, ,,,,,,,
,,,,, ,,,,,,,
,,,,, ,,,,,,,
,,,,, ,,,,,,,
,,,,, ,,,,,,,
,,,,, ,,,,,,,
,,,,, ,,,,,,,
,,,,, ,,,,,,,
,,,,, ,,,,,,,
,,,,, ,,,,,,,
,,,,, ,,,,,,,
,,,,, ,,,,,,,
,,,,, ,,,,,,,
,,,,, ,,,,,,,
,,,,, ,,,,,,,
,,,,, ,,,,,,,
,,,,, ,,,,,,,
,,,,, ,,,,,,,
,,,,, ,,,,,,,
,,,,, ,,,,,,,
,,,,, ,,,,,,,
,,,,, ,,,,,,,
,,,,, ,,,,,,,
,,,,, ,,,,,,,
,,,,, ,,,,,,,
,,,,, ,,,,,,,
,,,,, ,,,,,,,
,,,,, ,,,,,,,
,,,,, ,,,,,,,
,,,,, ,,,,,,,
,,,,, ,,,,,,,
,,,,, ,,,,,,,
,,,,, ,,,,,,,
,,,,, ,,,,,,,
,,,,, ,,,,,,,
,,,,, ,,,,,,,
,,,,, ,,,,,,,
,,,,, ,,,,,,,
,,,,, ,,,,,,,
,,,,, ,,,,,,,
,,,,, ,,,,,,,
,,,,, ,,,,,,,
,,,,, ,,,,,,,
,,,,, ,,,,,,,
,,,,, ,,,,,,,
,,,,, ,,,,,,,
,,,,, ,,,,,,,
,,,,, ,,,,,,,
,,,,, ,,,,,,,
,,,,, ,,,,,,,
,,,,, ,,,,,,,
,,,,, ,,,,,,,
,,,,, ,,,,,,,
,,,,, ,,,,,,,
,,,,, ,,,,,,,
,,,,, ,,,,,,,
,,,,, ,,,,,,,
,,,,, ,,,,,,,
,,,,, ,,,,,,,
,,,,, ,,,,,,,
,,,,, ,,,,,,,
,,,,, ,,,,,,,
,,,,, ,,,,,,,
,,,,, ,,,,,,,
,,,,, ,,,,,,,
,,,,, ,,,,,,,
,,,,, ,,,,,,,
,,,,, ,,,,,,,
,,,,, ,,,,,,,
,,,,, ,,,,,,,
,,,,, ,,,,,,,
,,,,, ,,,,,,,
,,,,, ,,,,,,,
,,,,, ,,,,,,,
,,,,, ,,,,,,,
,,,,, ,,,,,,,
,,,,, ,,,,,,,
,,,,, ,,,,,,,
,,,,, ,,,,,,,
,,,,, ,,,,,,,
,,,,, ,,,,,,,
,,,,, ,,,,,,,
,,,,, ,,,,,,,
,,,,, ,,,,,,,
,,,,, ,,,,,,,
,,,,, ,,,,,,,
,,,,, ,,,,,,,
,,,,, ,,,,,,,
,,,,, ,,,,,,,
,,,,, ,,,,,,,
,,,,, ,,,,,,,
,,,,, ,,,,,,,
,,,,, ,,,,,,,
,,,,, ,,,,,,,
,,,,, ,,,,,,,
,,,,, ,,,,,,,
,,,,, ,,,,,,,
,,,,, ,,,,,,,
,,,,, ,,,,,,,
,,,,, ,,,,,,,
,,,,, ,,,,,,,
,,,,, ,,,,,,,
,,,,, ,,,,,,,
,,,,, ,,,,,,,
,,,,, ,,,,,,,
,,,,, ,,,,,,,
,,,,, ,,,,,,,
,,,,, ,,,,,,,
,,,,, ,,,,,,,
,,,,, ,,,,,,,
,,,,, ,,,,,,,
,,,,, ,,,,,,,
,,,,, ,,,,,,,
,,,,, ,,,,,,,
,,,,, ,,,,,,,
,,,,, ,,,,,,,
,,,,, ,,,,,,,
,,,,, ,,,,,,,
,,,,, ,,,,,,,
,,,,, ,,,,,,,
,,,,, ,,,,,,,
,,,,, ,,,,,,,
,,,,, ,,,,,,,
,,,,, ,,,,,,,
,,,,, ,,,,,,,
,,,,, ,,,,,,,
,,,,, ,,,,,,,
,,,,, ,,,,,,,
,,,,, ,,,,,,,
,,,,, ,,,,,,,
,,,,, ,,,,,,,
,,,,, ,,,,,,,
,,,,, ,,,,,,,
,,,,, ,,,,,,,
,,,,, ,,,,,,,
,,,,, ,,,,,,,
,,,,, ,,,,,,,
,,,,, ,,,,,,,
,,,,, ,,,,,,,
,,,,, ,,,,,,,
,,,,, ,,,,,,,
,,,,, ,,,,,,,
,,,,, ,,,,,,,
,,,,, ,,,,,,,
,,,,, ,,,,,,,
,,,,, ,,,,,,,
,,,,, ,,,,,,,
,,,,, ,,,,,,,
,,,,, ,,,,,,,
,,,,, ,,,,,,,
,,,,, ,,,,,,,
,,,,, ,,,,,,,
,,,,, ,,,,,,,
,,,,, ,,,,,,,
,,,,, ,,,,,,,
,,,,, ,,,,,,,
,,,,, ,,,,,,,
,,,,, ,,,,,,,
,,,,, ,,,,,,,
,,,,, ,,,,,,,
,,,,, ,,,,,,,
,,,,, ,,,,,,,
,,,,, ,,,,,,,
,,,,, ,,,,,,,
,,,,, ,,,,,,,
,,,,, ,,,,,,,
,,,,, ,,,,,,,
,,,,, ,,,,,,,
,,,,, ,,,,,,,
,,,,, ,,,,,,,
,,,,, ,,,,,,,
,,,,, ,,,,,,,
,,,,, ,,,,,,,
,,,,, ,,,,,,,
,,,,, ,,,,,,,
,,,,, ,,,,,,,
,,,,, ,,,,,,,
,,,,, ,,,,,,,
,,,,, ,,,,,,,
,,,,, ,,,,,,,
,,,,, ,,,,,,,
,,,,, ,,,,,,,
,,,,, ,,,,,,,
,,,,, ,,,,,,,
,,,,, ,,,,,,,
,,,,, ,,,,,,,
,,,,, ,,,,,,,
,,,,, ,,,,,,,
,,,,, ,,,,,,,
,,,,, ,,,,,,,
,,,,, ,,,,,,,
,,,,, ,,,,,,,
,,,,, ,,,,,,,
,,,,, ,,,,,,,
,,,,, ,,,,,,,
,,,,, ,,,,,,,
,,,,, ,,,,,,,
,,,,, ,,,,,,,
,,,,, ,,,,,,,
,,,,, ,,,,,,,
,,,,, ,,,,,,,
,,,,, ,,,,,,,
,,,,, ,,,,,,,
,,,,, ,,,,,,,
,,,,, ,,,,,,,
,,,,, ,,,,,,,
,,,,, ,,,,,,,
,,,,, ,,,,,,,
,,,,, ,,,,,,,
,,,,, ,,,,,,,
,,,,, ,,,,,,,
,,,,, ,,,,,,,
,,,,, ,,,,,,,
,,,,, ,,,,,,,
,,,,, ,,,,,,,
,,,,, ,,,,,,,
,,,,, ,,,,,,,
,,,,, ,,,,,,,
,,,,, ,,,,,,,
,,,,, ,,,,,,,
,,,,, ,,,,,,,
,,,,, ,,,,,,,
,,,,, ,,,,,,,
,,,,, ,,,,,,,
,,,,, ,,,,,,,
,,,,, ,,,,,,,
,,,,, ,,,,,,,
,,,,, ,,,,,,,
,,,,, ,,,,,,,
,,,,, ,,,,,,,
,,,,, ,,,,,,,
,,,,, ,,,,,,,
,,,,, ,,,,,,,
,,,,, ,,,,,,,
,,,,, ,,,,,,,
,,,,, ,,,,,,,
,,,,, ,,,,,,,
,,,,, ,,,,,,,
,,,,, ,,,,,,,
,,,,, ,,,,,,,
,,,,, ,,,,,,,
,,,,, ,,,,,,,
,,,,, ,,,,,,,
,,,,, ,,,,,,,
,,,,, ,,,,,,,
,,,,, ,,,,,,,
,,,,, ,,,,,,,
,,,,, ,,,,,,,
,,,,, ,,,,,,,
,,,,, ,,,,,,,
,,,,, ,,,,,,,
,,,,, ,,,,,,,
,,,,, ,,,,,,,
,,,,, ,,,,,,,
,,,,, ,,,,,,,
,,,,, ,,,,,,,
,,,,, ,,,,,,,
,,,,, ,,,,,,,
,,,,, ,,,,,,,
,,,,, ,,,,,,,
,,,,, ,,,,,,,
,,,,, ,,,,,,,
,,,,, ,,,,,,,
,,,,, ,,,,,,,
,,,,, ,,,,,,,
,,,,, ,,,,,,,
,,,,, ,,,,,,,
,,,,, ,,,,,,,
,,,,, ,,,,,,,
,,,,, ,,,,,,,
,,,,, ,,,,,,,
,,,,, ,,,,,,,
,,,,, ,,,,,,,
,,,,, ,,,,,,,
,,,,, ,,,,,,,
,,,,, ,,,,,,,
,,,,, ,,,,,,,
,,,,, ,,,,,,,
,,,,, ,,,,,,,
,,,,, ,,,,,,,
,,,,, ,,,,,,,
,,,,, ,,,,,,,
,,,,, ,,,,,,,
,,,,, ,,,,,,,
,,,,, ,,,,,,,
,,,,, ,,,,,,,
,,,,, ,,,,,,,
,,,,, ,,,,,,,
,,,,, ,,,,,,,
,,,,, ,,,,,,,
,,,,, ,,,,,,,
,,,,, ,,,,,,,
,,,,, ,,,,,,,
,,,,, ,,,,,,,
,,,,, ,,,,,,,
,,,,, ,,,,,,,
,,,,, ,,,,,,,
,,,,, ,,,,,,,
,,,,, ,,,,,,,
,,,,, ,,,,,,,
,,,,, ,,,,,,,
,,,,, ,,,,,,,
,,,,, ,,,,,,,
,,,,, ,,,,,,,
,,,,, ,,,,,,,
,,,,, ,,,,,,,
,,,,, ,,,,,,,
,,,,, ,,,,,,,
,,,,, ,,,,,,,
,,,,, ,,,,,,,
,,,,, ,,,,,,,
,,,,, ,,,,,,,
,,,,, ,,,,,,,
,,,,, ,,,,,,,
,,,,, ,,,,,,,
,,,,, ,,,,,,,
,,,,, ,,,,,,,
,,,,, ,,,,,,,
,,,,, ,,,,,,,
,,,,, ,,,,,,,
,,,,, ,,,,,,,
,,,,, ,,,,,,,
,,,,, ,,,,,,,
,,,,, ,,,,,,,
,,,,, ,,,,,,,
,,,,, ,,,,,,,
,,,,, ,,,,,,,
,,,,, ,,,,,,,
,,,,, ,,,,,,,
,,,,, ,,,,,,,
,,,,, ,,,,,,,
,,,,, ,,,,,,,
,,,,, ,,,,,,,
,,,,, ,,,,,,,
,,,,, ,,,,,,,
,,,,, ,,,,,,,
,,,,, ,,,,,,,
,,,,, ,,,,,,,
,,,,, ,,,,,,,
,,,,, ,,,,,,,
,,,,, ,,,,,,,
,,,,, ,,,,,,,
,,,,, ,,,,,,,
,,,,, ,,,,,,,
,,,,, ,,,,,,,
,,,,, ,,,,,,,
,,,,, ,,,,,,,
,,,,, ,,,,,,,
,,,,, ,,,,,,,
,,,,, ,,,,,,,
,,,,, ,,,,,,,
,,,,, ,,,,,,,
,,,,, ,,,,,,,
,,,,, ,,,,,,,
,,,,, ,,,,,,,
,,,,, ,,,,,,,
,,,,, ,,,,,,,
,,,,, ,,,,,,,
,,,,, ,,,,,,,
,,,,, ,,,,,,,
,,,,, ,,,,,,,
,,,,, ,,,,,,,
,,,,, ,,,,,,,
,,,,, ,,,,,,,
,,,,, ,,,,,,,
,,,,, ,,,,,,,
,,,,, ,,,,,,,
,,,,, ,,,,,,,
,,,,, ,,,,,,,
,,,,, ,,,,,,,
,,,,, ,,,,,,,
,,,,, ,,,,,,,
,,,,, ,,,,,,,
,,,,, ,,,,,,,
,,,,, ,,,,,,,
,,,,, ,,,,,,,
,,,,, ,,,,,,,
,,,,, ,,,,,,,
,,,,, ,,,,,,,
,,,,, ,,,,,,,
,,,,, ,,,,,,,
,,,,, ,,,,,,,
,,,,, ,,,,,,,
,,,,, ,,,,,,,
,,,,, ,,,,,,,
,,,,, ,,,,,,,
,,,,, ,,,,,,,
,,,,, ,,,,,,,
,,,,, ,,,,,,,
,,,,, ,,,,,,,
,,,,, ,,,,,,,
,,,,, ,,,,,,,
,,,,, ,,,,,,,
,,,,, ,,,,,,,
,,,,, ,,,,,,,
,,,,, ,,,,,,,
,,,,, ,,,,,,,
,,,,, ,,,,,,,
,,,,, ,,,,,,,
,,,,, ,,,,,,,
,,,,, ,,,,,,,
,,,,, ,,,,,,,
,,,,, ,,,,,,,
,,,,, ,,,,,,,
,,,,, ,,,,,,,
,,,,, ,,,,,,,
,,,,, ,,,,,,,
,,,,, ,,,,,,,
,,,,, ,,,,,,,
,,,,, ,,,,,,,
,,,,, ,,,,,,,
,,,,, ,,,,,,,
,,,,, ,,,,,,,
,,,,, ,,,,,,,
,,,,, ,,,,,,,
,,,,, ,,,,,,,
,,,,, ,,,,,,,
,,,,, ,,,,,,,
,,,,, ,,,,,,,
,,,,, ,,,,,,,
,,,,, ,,,,,,,
,,,,, ,,,,,,,
,,,,, ,,,,,,,
,,,,, ,,,,,,,
,,,,, ,,,,,,,
,,,,, ,,,,,,,
,,,,, ,,,,,,,
,,,,, ,,,,,,,
,,,,, ,,,,,,,
,,,,, ,,,,,,,
,,,,, ,,,,,,,
,,,,, ,,,,,,,
,,,,, ,,,,,,,
,,,,, ,,,,,,,
,,,,, ,,,,,,,
,,,,, ,,,,,,,
,,,,, ,,,,,,,
,,,,, ,,,,,,,
,,,,, ,,,,,,,
,,,,, ,,,,,,,
,,,,, ,,,,,,,
,,,,, ,,,,,,,
,,,,, ,,,,,,,
,,,,, ,,,,,,,
,,,,, ,,,,,,,
,,,,, ,,,,,,,
,,,,, ,,,,,,,
,,,,, ,,,,,,,
,,,,, ,,,,,,,
,,,,, ,,,,,,,
,,,,, ,,,,,,,
,,,,, ,,,,,,,
,,,,, ,,,,,,,
,,,,, ,,,,,,,
,,,,, ,,,,,,,
,,,,, ,,,,,,,
,,,,, ,,,,,,,
,,,,, ,,,,,,,
,,,,, ,,,,,,,
,,,,, ,,,,,,,
,,,,, ,,,,,,,
,,,,, ,,,,,,,
,,,,, ,,,,,,,
,,,,, ,,,,,,,
,,,,, ,,,,,,,
,,,,, ,,,,,,,
,,,,, ,,,,,,,
,,,,, ,,,,,,,
,,,,, ,,,,,,,
,,,,, ,,,,,,,
,,,,, ,,,,,,,
,,,,, ,,,,,,,
,,,,, ,,,,,,,
,,,,, ,,,,,,,
,,,,, ,,,,,,,
,,,,, ,,,,,,,
,,,,, ,,,,,,,
,,,,, ,,,,,,,
,,,,, ,,,,,,,
,,,,, ,,,,,,,
,,,,, ,,,,,,,
,,,,, ,,,,,,,
,,,,, ,,,,,,,
,,,,, ,,,,,,,
,,,,, ,,,,,,,
,,,,, ,,,,,,,
,,,,, ,,,,,,,
,,,,, ,,,,,,,
,,,,, ,,,,,,,
,,,,, ,,,,,,,
,,,,, ,,,,,,,
,,,,, ,,,,,,,
,,,,, ,,,,,,,
,,,,, ,,,,,,,
,,,,, ,,,,,,,
,,,,, ,,,,,,,
,,,,, ,,,,,,,
,,,,, ,,,,,,,
,,,,, ,,,,,,,
,,,,, ,,,,,,,
,,,,, ,,,,,,,
,,,,, ,,,,,,,
,,,,, ,,,,,,,
,,,,, ,,,,,,,
,,,,, ,,,,,,,
,,,,, ,,,,,,,
,,,,, ,,,,,,,
,,,,, ,,,,,,,
,,,,, ,,,,,,,
,,,,, ,,,,,,,
,,,,, ,,,,,,,
,,,,, ,,,,,,,
,,,,, ,,,,,,,
,,,,, ,,,,,,,
,,,,, ,,,,,,,
,,,,, ,,,,,,,
,,,,, ,,,,,,,
,,,,, ,,,,,,,
,,,,, ,,,,,,,
,,,,, ,,,,,,,
,,,,, ,,,,,,,
,,,,, ,,,,,,,
,,,,, ,,,,,,,
,,,,, ,,,,,,,
,,,,, ,,,,,,,
,,,,, ,,,,,,,
,,,,, ,,,,,,,
,,,,, ,,,,,,,
,,,,, ,,,,,,,
,,,,, ,,,,,,,
,,,,, ,,,,,,,
,,,,, ,,,,,,,
,,,,, ,,,,,,,
,,,,, ,,,,,,,
,,,,, ,,,,,,,
,,,,, ,,,,,,,
,,,,, ,,,,,,,
,,,,, ,,,,,,,
,,,,, ,,,,,,,
,,,,, ,,,,,,,
,,,,, ,,,,,,,
,,,,, ,,,,,,,
,,,,, ,,,,,,,
,,,,, ,,,,,,,
,,,,, ,,,,,,,
,,,,, ,,,,,,,
,,,,, ,,,,,,,
,,,,, ,,,,,,,
,,,,, ,,,,,,,
,,,,, ,,,,,,,
,,,,, ,,,,,,,
,,,,, ,,,,,,,
,,,,, ,,,,,,,
,,,,, ,,,,,,,
,,,,, ,,,,,,,
,,,,, ,,,,,,,
,,,,, ,,,,,,,
,,,,, ,,,,,,,
,,,,, ,,,,,,,
,,,,, ,,,,,,,
,,,,, ,,,,,,,
,,,,, ,,,,,,,
,,,,, ,,,,,,,
,,,,, ,,,,,,,
,,,,, ,,,,,,,
,,,,, ,,,,,,,
,,,,, ,,,,,,,
,,,,, ,,,,,,,
,,,,, ,,,,,,,
,,,,, ,,,,,,,
,,,,, ,,,,,,,
,,,,, ,,,,,,,
,,,,, ,,,,,,,
,,,,, ,,,,,,,
,,,,, ,,,,,,,
,,,,, ,,,,,,,
,,,,, ,,,,,,,
,,,,, ,,,,,,,
,,,,, ,,,,,,,
,,,,, ,,,,,,,
,,,,, ,,,,,,,
,,,,, ,,,,,,,
,,,,, ,,,,,,,
,,,,, ,,,,,,,
,,,,, ,,,,,,,
,,,,, ,,,,,,,
,,,,, ,,,,,,,
,,,,, ,,,,,,,
,,,,, ,,,,,,,
,,,,, ,,,,,,,
,,,,, ,,,,,,,
,,,,, ,,,,,,,
,,,,, ,,,,,,,
,,,,, ,,,,,,,
,,,,, ,,,,,,,
,,,,, ,,,,,,,
